"last_name, first_name","player_id","year","player_age","ab","pa","hit","single","double","triple","home_run","strikeout","walk","k_percent","bb_percent","batting_avg","slg_percent","on_base_percent","on_base_plus_slg","isolated_power","babip","b_rbi","b_lob","b_total_bases","r_total_caught_stealing","r_total_stolen_base","b_ab_scoring","b_ball","b_called_strike","b_catcher_interf","b_foul","b_foul_tip","b_game","b_gnd_into_dp","b_gnd_into_tp","b_gnd_rule_double","b_hit_by_pitch","b_hit_ground","b_hit_fly","b_hit_into_play","b_hit_line_drive","b_hit_popup","b_out_fly","b_out_ground","b_out_line_drive","b_out_popup","xba","xslg","woba","xwoba","xobp","xiso","wobacon","xwobacon","bacon","xbacon","xbadiff","xslgdiff","wobadiff","avg_swing_speed","fast_swing_rate","blasts_contact","blasts_swing","squared_up_contact","squared_up_swing","avg_swing_length","swords","attack_angle","attack_direction","ideal_angle_rate","vertical_swing_path","exit_velocity_avg","launch_angle_avg","sweet_spot_percent","barrel","barrel_batted_rate","solidcontact_percent","flareburner_percent","poorlyunder_percent","poorlytopped_percent","poorlyweak_percent","hard_hit_percent","avg_best_speed","avg_hyper_speed","z_swing_percent","z_swing_miss_percent","oz_swing_percent","oz_swing_miss_percent","oz_contact_percent","out_zone_swing_miss","out_zone_swing","out_zone_percent","out_zone","meatball_swing_percent","meatball_percent","pitch_count_offspeed","pitch_count_fastball","pitch_count_breaking","pitch_count","iz_contact_percent","in_zone_swing_miss","in_zone_swing","in_zone_percent","in_zone","edge_percent","edge","whiff_percent","swing_percent","pull_percent","straightaway_percent","opposite_percent","batted_ball","f_strike_percent","groundballs_percent","groundballs","flyballs_percent","flyballs","linedrives_percent","linedrives","popups_percent","popups","maxeff_arm_2b_3b_sba","n_outs_above_average","rel_league_reaction_distance","rel_league_burst_distance","rel_league_routing_distance","sprint_speed"
"Marte, Ketel",606466,2024,30,504,583,147,86,23,2,36,106,65,18.2,11.1,".292",".560",".372","0.932","0.268",".299","95","172","282","1","7","119","777","291","0","405","21","136","9","0","1","5","53","35","407","58","1","66","146","27","19",".289",".545",".391",".394",".374",".256",".446",".450",".361",".364",".003",".015","-0.003","73.7",40.6,20.3,16.2,38.1,30.5,"7.6",6,9.1,-4.9,53.6,33.7,"94","9.4",33.7,50,12.3,7.4,24.6,18.2,35.4,2,53.8,"103.991137178","96.920444406",71.3,14.1,26.1,40,60,114,285,51,1094,82.8,7.3,498,1151,394,2146,85.9,106,750,49,1052,42.5,911,21.3,48.2,47.4,35.9,16.7,407,58.8,48.9,199,24.8,101,21.4,87,4.9,20,,,,,,"27.1"
"Ozuna, Marcell",542303,2024,33,606,688,183,113,31,0,39,170,74,24.7,10.8,".302",".546",".378","0.924","0.244",".359","104","240","331","0","1","140","1045","396","1","483","31","162","23","0","2","3","46","52","440","84","1","87","121","34","13",".283",".583",".395",".404",".365",".300",".496",".512",".416",".395",".019","-0.037","-0.009","74",42.5,20.3,14,33.9,23.3,"7.4",4,15.4,-2.6,53.2,36.5,"92.1","14.4",40.5,68,15.5,11.4,25.2,19.1,25.2,3.4,53.4,"103.338991136","96.489686128",72.5,22.6,26.5,50.4,49.6,214,425,55.9,1606,81.1,6.6,344,1558,691,2875,77.4,208,920,44.1,1269,40.5,1163,31.4,46.8,46.8,32,21.1,440,57.6,38,167,31.6,139,27.3,120,3.2,14,,,,,,"25.7"
"McMahon, Ryan",641857,2024,29,567,645,137,89,28,0,20,185,69,28.7,10.7,".242",".397",".325","0.722","0.155",".320","65","197","225","6","4","130","954","444","2","507","30","153","9","0","1","3","50","31","386","56","0","64","139","35","8",".238",".421",".315",".327",".324",".183",".400",".420",".355",".353",".004","-0.024","-0.012","72.5",26.3,16.4,11.7,31.4,22.4,"7.2",28,8.8,4.5,41.3,38.1,"92.1","10",36.5,42,10.9,7,27.5,18.4,33.2,2.3,49.7,"102.62988712","96.057260524",65.6,22.4,26.6,50.6,49.4,175,346,47.9,1303,75,8.5,313,1725,512,2723,77.6,209,932,52.1,1420,42.6,1160,30,46.9,33.9,38.6,27.5,386,60.7,49,189,24.6,95,24.4,94,2.1,8,,,,,,"25.9"
"Lindor, Francisco",596019,2024,30,618,689,169,96,39,1,33,127,56,18.4,8.1,".273",".500",".344","0.844","0.227",".295","91","223","309","4","29","124","916","416","0","508","32","152","7","0","1","12","42","39","494","87","1","116","130","40","37",".278",".539",".363",".381",".349",".260",".411",".436",".342",".349","-0.005","-0.039","-0.018","72.4",23.6,18.2,14,37.3,28.7,"7.6",13,13,-1.5,56,34.2,"90.9","17",35.4,67,13.6,5.7,26.3,27.3,23.5,3.4,47.4,"101.098117236","95.07615815",69.9,17.5,26.3,41,59,142,346,48.5,1317,82.4,8.2,422,1577,586,2713,82.5,171,976,51.5,1396,45.2,1226,23.7,48.7,42.9,36,21.1,494,60.2,34.8,172,31.4,155,26.1,129,7.7,38,,,,,,"27.6"
"Tovar, Ezequiel",678662,2024,22,655,695,176,101,45,4,26,200,23,28.8,3.3,".269",".469",".295","0.764","0.200",".344","78","229","307","5","6","131","652","241","1","572","43","157","16","0","0","4","56","36","467","83","1","121","105","32","33",".231",".410",".324",".291",".261",".179",".444",".395",".381",".331",".038",".059",".033","71.3",18.9,11.8,8,30.6,20.9,"7.5",17,10.5,-2.3,48,36,"88.8","18.9",38.5,42,9,7.7,25.5,30.2,21.8,5.4,39.8,"99.306485852","93.964016332",82,21.9,44.1,53.5,46.5,310,579,51.9,1312,89.1,6.9,233,1420,613,2528,78.1,218,997,48.1,1216,41,1036,33.5,62.3,36.4,36.4,27.2,467,68.2,34.5,161,33.6,157,24.6,115,7.3,34,,,,,,"28.1"
"Ramos, Heliot",671218,2024,24,475,518,128,80,23,3,22,135,37,26.1,7.1,".269",".469",".322","0.791","0.200",".329","72","194","223","1","6","116","654","287","0","378","16","121","12","0","2","2","44","33","344","51","0","60","105","31","18",".245",".484",".339",".337",".302",".240",".434",".432",".372",".342",".024","-0.015",".002","75.2",55.2,18.3,13.7,29.8,22.3,"6.9",28,8.5,3.4,46.7,32.9,"91.5","10.4",34.3,50,14.5,5.5,18.9,22.1,34,4.1,47.5,"102.620742924","95.895956716",72.3,18.3,29.9,51.9,48.1,161,310,51.8,1038,83.1,7.1,187,1185,478,2011,81.7,128,698,48.2,965,40.1,803,28.7,50.3,30.2,41,28.8,344,61.2,43.3,149,27,93,24.4,84,5.2,18,,"-5","-0.4","-0.8","-0.6","27.9"
"Alvarez, Yordan",670541,2024,27,552,635,170,99,34,2,35,95,69,15,10.9,".308",".567",".392","0.959","0.259",".317","86","216","313","0","6","115","789","339","0","404","13","147","14","0","3","10","56","42","461","71","1","125","98","38","28",".299",".607",".402",".415",".386",".308",".444",".462",".369",".360",".009","-0.040","-0.013","76.5",63,22.4,18.2,34.3,27.8,"7.6",1,8.8,-6,42.1,35.1,"93.1","18.3",35.4,67,14.5,7.6,24.5,30.6,19.5,3.3,49.7,"104.097105087","96.703519522",67.9,11.1,30.6,36.5,63.5,136,373,53.8,1219,79.1,6.1,277,1311,535,2264,88.9,79,710,46.2,1045,43.5,984,19.9,47.8,36.4,38.4,25.2,461,58.9,33.4,154,36.2,167,23.9,110,6.5,30,,"-7","-1.5","-3.1","0.9","26.1"
"Turner, Trea",607208,2024,31,505,539,149,103,25,0,21,98,27,18.2,5,".295",".469",".338","0.807","0.174",".331","62","197","237","4","19","102","650","255","0","403","20","121","10","0","1","6","65","31","408","53","0","77","127","34","21",".263",".430",".349",".323",".307",".167",".405",".370",".365",".325",".032",".039",".026","71.6",17.1,13.4,10.1,34.1,25.6,"7.6",15,11,-5.4,61.4,29,"89.1","11.5",30.9,28,6.9,5.6,23.5,25.5,35.5,2.7,40.7,"99.706063382","94.073107543",74.8,14.2,33.9,51,49,182,357,51.5,1052,82.5,7.8,260,1032,579,2043,85.8,105,741,48.5,991,41.4,845,26.1,53.7,43.6,33.8,22.5,408,66.6,47.1,192,26.5,108,21.3,87,5.1,21,,,,,,"29.6"
"Harper, Bryce",547180,2024,31,550,631,157,85,42,0,30,138,76,21.9,12,".285",".525",".373","0.898","0.240",".331","87","213","289","4","7","118","876","237","0","541","21","145","18","0","3","2","46","39","415","72","0","87","114","38","17",".264",".486",".380",".361",".356",".222",".457",".428",".379",".353",".021",".039",".019","74",41,17.4,13.1,28,21,"7.3",13,11.4,-1.1,44.4,36.1,"91.1","13.5",36.1,44,10.6,9.6,25.5,24.6,26.5,2.7,48.2,"102.531835097","95.63882949",78.2,14.9,33.5,47.6,52.4,223,468,56.7,1399,86.2,6.2,364,1313,603,2469,85.1,125,837,43.3,1070,39.7,980,26.7,52.9,34.2,34.5,31.3,415,62.6,38.6,160,30.4,126,27,112,4.1,17,,,,,,"27.4"
"Chourio, Jackson",694192,2024,20,528,573,145,91,29,4,21,121,39,21.1,6.8,".275",".464",".327","0.791","0.189",".320","79","200","245","7","22","129","657","370","0","338","28","148","7","0","0","3","56","25","410","63","1","75","141","35","14",".267",".431",".339",".327",".320",".165",".406",".390",".355",".344",".008",".033",".012","73.2",34,17.7,13.4,34.4,25.9,"7.4",22,7.4,3.5,57.9,27.2,"89.7","7.6",33.2,32,7.8,6.6,23.9,19.3,36.6,5.6,44.9,"100.832969557","94.831073407",66.1,17.3,31.9,47,53,159,338,50.4,1060,77.4,7.8,210,1215,505,2103,82.7,119,689,49.6,1043,41.2,866,27.1,48.8,33.2,42.7,24.1,410,65,48,197,24.4,100,23.9,98,3.7,15,,"5","1.2","-0.8","-0.3","29.7"
"McCutchen, Andrew",457705,2024,37,448,515,104,65,18,1,20,133,58,25.8,11.3,".232",".411",".328","0.739","0.179",".283","50","169","184","2","3","93","777","418","0","329","23","120","9","0","1","7","35","27","317","42","0","66","97","24","26",".219",".421",".325",".325",".317",".201",".386",".386",".328",".310",".013","-0.010",".000","72.7",25.3,14.9,11.1,31.2,23.2,"7.6",11,12.7,-0.2,56.4,33.4,"88.5","14.3",31.9,38,12,5.7,19.2,26.8,32.8,3.5,36.9,"99.424962893","93.831123091",65.6,22.3,17.2,55.2,44.8,100,181,48.7,1054,80.2,8.2,201,1236,538,2163,77.7,162,727,51.3,1109,44,951,28.9,42,39.4,41,19.6,317,62.9,41.6,132,29.3,93,20.8,66,8.2,26,,,,,,"26.8"
"Henderson, Gunnar",683002,2024,23,630,719,177,102,31,7,37,159,78,22.1,10.8,".281",".529",".364","0.893","0.248",".320","92","210","333","4","21","124","1077","484","0","494","26","159","2","0","1","7","70","39","475","68","0","73","155","46","21",".279",".499",".381",".375",".364",".220",".454",".444",".373",".373",".002",".030",".006","76.3",64.5,22.8,17.9,32.3,25.2,"7.2",20,8.3,2.9,47.4,30.5,"92.8","9.2",34.5,53,11.2,8.6,24.4,18.7,33.7,3.2,53.9,"104.002332911","96.835723291",66.7,17.5,23.2,42.8,57.2,148,346,51.6,1494,77.8,7,496,1650,574,2896,82.5,164,935,48.4,1402,43.4,1258,24.4,44.2,36.6,40,23.4,475,55.6,47.4,225,23.6,112,24.6,117,4.4,21,,,,,,"28.9"
"Bohm, Alec",664761,2024,27,554,606,155,94,44,2,15,86,40,14.2,6.6,".280",".448",".332","0.780","0.168",".305","97","236","248","2","5","146","710","307","0","394","25","143","18","0","2","6","52","24","474","79","0","87","168","40","21",".283",".452",".335",".345",".338",".169",".363",".376",".327",".335","-0.003","-0.004","-0.010","72.2",21.7,18.8,15.6,39.1,32.5,"7.4",9,6.4,2.6,50.8,30.8,"90.4","10.1",35.2,32,6.8,9.1,25.7,20.5,35.2,2.3,45.6,"100.768220847","94.781662669",71.1,10.5,27.2,37.2,62.8,105,282,48.8,1036,89,6.9,196,1280,454,2122,89.5,81,772,51.2,1086,43.6,925,17.6,49.7,34.2,37.6,28.3,474,60.9,46.4,220,23.4,111,25.7,122,4.4,21,,,,,,"26.3"
"Stephenson, Tyler",663886,2024,27,457,515,118,72,26,1,19,117,48,22.7,9.3,".258",".444",".338","0.782","0.186",".307","66","172","203","0","1","104","711","340","0","309","13","138","9","0","1","8","39","29","342","50","0","64","124","23","13",".238",".413",".339",".325",".322",".175",".400",".378",".345",".321",".020",".031",".014","70.8",9.4,15.6,12.7,37.5,30.5,"7.4",31,11,1.9,52.5,36.7,"90.2","10.9",33,31,9.1,6.1,25.1,22.2,35.1,2,43.9,"100.320154503","94.587176774",63.4,13.2,23.7,47.2,52.8,111,235,50.8,990,67.1,7.7,211,1135,414,1947,86.8,80,607,49.2,957,42.3,824,22.7,43.2,39.2,36.5,24.3,342,62.4,47.7,163,27.2,93,21.3,73,3.8,13,"82.1",,,,,"26.5"
"Volpe, Anthony",683011,2024,23,637,689,155,109,27,7,12,156,42,22.6,6.1,".243",".364",".293","0.657","0.121",".303","60","259","232","7","28","126","888","521","1","541","26","160","9","0","1","4","67","19","486","69","0","86","179","42","22",".232",".335",".287",".278",".285",".103",".342",".330",".320",".310",".011",".029",".009","69.3",3.7,10,7.9,32.2,25.5,"7.1",28,9.6,7.4,60.7,33,"87.7","8.4",33.3,19,3.9,5.6,27.4,21,36.8,4.7,35.4,"98.177841555","93.206482989",65.4,16.5,29.3,37.4,62.6,147,393,48,1341,73.9,8.2,251,1582,664,2797,83.5,157,952,52,1455,43.6,1219,22.6,48.1,30.2,41.2,28.6,486,61.3,50.6,246,21.6,105,23.3,113,4.5,22,,,,,,"28.6"
"Burger, Jake",669394,2024,28,535,579,134,81,23,1,29,150,31,25.9,5.4,".250",".460",".301","0.761","0.210",".292","76","209","246","1","1","119","615","317","0","373","17","137","11","0","1","9","48","34","389","52","0","76","123","27","27",".253",".483",".325",".339",".305",".230",".415",".435",".344",".351","-0.003","-0.023","-0.014","74.7",46.9,20.2,14.4,33.4,23.9,"7.5",17,8.4,-6.1,54.8,23.7,"91.3","13",32.4,48,12.3,7.7,23.7,22.6,29.8,3.6,46.8,"103.619986856","96.171144407",70.1,18.9,36.5,49.4,50.6,198,401,52.8,1098,78.2,6,311,1094,473,2081,81.1,130,689,47.2,983,43,895,30.1,52.4,42.4,37,20.6,389,65.9,44,171,28.3,110,20.8,81,6.9,27,,,,,,"27.9"
"Greene, Riley",682985,2024,23,512,584,134,77,27,6,24,156,64,26.7,11,".262",".479",".348","0.827","0.217",".329","74","187","245","2","4","119","886","412","1","425","20","137","2","0","1","5","38","35","358","61","0","64","118","28","14",".249",".487",".355",".355",".338",".238",".448",".448",".374",".357",".013","-0.008",".000","74.7",45.8,17,12.6,30.8,22.8,"7.2",7,11.9,0.4,43.6,43.4,"91.3","12.2",39.1,48,13.4,8.1,22.9,21.2,32.7,1.4,47.1,"102.088081676","95.54007409",66.3,19.4,23.1,45.8,54.2,130,284,51.2,1230,74.9,7.6,463,1286,502,2415,80.6,151,778,48.8,1174,41.6,1001,26.8,44.3,37.4,39.4,23.2,358,60.4,43.6,156,27.7,99,24.9,89,3.9,14,,"2","1.8","0.5","-1.3","27.7"
"Benintendi, Andrew",643217,2024,29,477,522,109,69,20,0,20,96,41,18.4,7.9,".229",".396",".289","0.685","0.167",".245","64","194","189","2","3","113","690","318","0","368","29","135","12","0","1","1","25","29","384","54","1","93","122","35","25",".244",".407",".298",".310",".304",".164",".331",".347",".284",".303","-0.015","-0.011","-0.012","68",1,9.1,7.3,39.8,31.9,"6.7",12,13.5,-0.4,55.7,34,"88","16.1",36.5,24,6.3,8.3,23.7,29.7,28.4,3.4,34.4,"97.17823","92.764984068",69.3,17,25.2,33.1,66.9,80,242,48.2,962,80,8,324,1173,375,1995,83,122,716,51.8,1033,43,858,21.1,48,44.8,33.9,21.4,384,61,38.3,147,31.8,122,23.2,89,6.8,26,,"-5","-0.3","-1.4","-0.2","26.7"
"Olson, Matt",621566,2024,30,600,685,148,81,37,1,29,170,71,24.8,10.4,".247",".457",".333","0.790","0.210",".293","98","275","274","0","0","141","1024","390","0","644","41","162","15","0","1","9","30","39","435","79","0","93","126","32","34",".242",".454",".339",".342",".331",".212",".411",".415",".340",".338",".005",".003","-0.003","73.8",38.7,15.1,11.1,26.5,19.5,"7.3",11,8.4,-1.6,44.5,34.1,"91.5","16.1",35.4,54,12.4,7.4,23,27.6,25.3,3.7,47.4,"102.726279537","95.899543218",72.4,22,28.7,36.4,63.6,160,440,52,1531,82.3,6.9,347,1799,600,2947,78,225,1025,48,1416,43.1,1271,26.3,49.7,38.4,34.7,26.9,435,60.3,35.9,156,30.3,132,26,113,7.8,34,,,,,,"25.5"
"Doyle, Brenton",686668,2024,26,542,603,141,90,24,4,23,153,46,25.4,7.6,".260",".446",".317","0.763","0.186",".316","72","180","242","5","30","98","714","290","0","371","30","149","13","0","1","3","44","31","401","66","0","86","118","37","17",".246",".438",".328",".327",".308",".192",".410",".409",".355",".341",".014",".008",".001","70.9",8.1,15.2,10.8,34.3,24.3,"7.4",20,12.7,0.1,64.6,31.3,"89.2","13.2",37.4,42,10.5,6,24.4,25.2,28.2,5.5,41.4,"100.983223096","94.67619269",74.5,18.2,30,56.5,43.5,190,336,51.9,1119,82.7,7.2,183,1241,548,2158,81.8,141,774,48.1,1039,43,928,29.8,51.4,36.9,36.4,26.7,401,64.5,40.4,162,29.2,117,25.9,104,4.5,18,,"14","-1.3","0.9","0.9","29.3"
"Díaz, Yandy",650490,2024,32,563,621,158,112,31,1,14,95,50,15.3,8.1,".281",".414",".341","0.755","0.133",".314","65","160","233","0","0","102","895","448","0","454","18","145","12","0","4","4","65","16","472","76","1","68","197","23","25",".273",".432",".331",".339",".336",".160",".356",".367",".335",".327",".008","-0.018","-0.008","73.3",34.4,22,19.2,36.5,31.9,"7.5",2,3.2,6.9,38.2,25.4,"92.2","5",28.4,36,7.6,5.3,24.4,17.6,42.6,1.9,48.7,"103.441830979","96.263007825",64,10.3,22.8,25.5,74.5,70,275,48.9,1204,76.6,7.5,253,1545,480,2460,89.7,83,804,51.1,1256,44.2,1087,14.2,43.9,26.5,43,30.5,472,58.3,55.5,262,17.8,84,21.2,100,5.5,26,,,,,,"25.4"
"Cowser, Colton",681297,2024,24,499,561,121,70,24,3,24,172,52,30.7,9.3,".242",".447",".321","0.768","0.205",".317","69","236","223","4","9","128","786","436","0","381","19","153","9","0","0","7","34","31","330","55","1","70","109","17","11",".230",".456",".331",".333",".312",".226",".442",".445",".367",".351",".012","-0.009","-0.002","73.8",40.6,17,12.4,31.1,22.8,"6.9",23,13.9,0.2,44.2,38.8,"90.5","13",32.1,45,13.6,7.6,22.4,21.2,31.2,3.9,46.1,"101.838992303","95.374243739",64,20.1,25,56.7,43.3,164,289,49.9,1154,71.2,7.1,454,1200,515,2311,79.9,149,740,50.1,1157,42.9,992,30.4,44.5,34.8,39.4,25.8,330,58.3,43.3,143,30.6,101,22.4,74,3.6,12,,"11","-0.7","0.5","0.3","28.2"
"Rodríguez, Julio",677594,2024,23,567,613,155,118,17,0,20,156,38,25.4,6.2,".273",".409",".325","0.734","0.136",".344","68","228","232","5","24","129","761","272","0","482","29","143","10","0","3","6","55","33","413","65","2","75","129","30","24",".274",".472",".321",".348",".326",".197",".403",".444",".375",".378","-0.001","-0.063","-0.027","76.3",63.4,20.6,14.5,29.6,20.8,"7.9",30,8.1,-2.9,47.2,33,"91.7","10.5",33.2,42,10.2,6.1,25.4,21.3,34.4,2.7,48.4,"103.553687536","96.325344116",74.6,21.2,37.3,47.1,52.9,228,484,54.4,1298,81.9,6.7,297,1267,583,2385,78.8,172,811,45.6,1087,40.8,973,30.9,54.3,33.4,39.2,27.4,413,61.8,44.6,184,26.2,108,23,95,6.3,26,,"8","-0.7","1.5","0.4","29.6"
"Paredes, Isaac",670623,2024,25,542,641,129,84,25,1,19,105,76,16.4,11.9,".238",".393",".346","0.739","0.155",".259","80","226","213","1","1","140","975","527","0","613","12","153","17","0","0","17","23","35","443","71","0","95","114","40","63",".221",".350",".327",".309",".333",".130",".329",".304",".291",".273",".017",".043",".018","68.2",4.8,6.5,5.4,28.9,24.2,"8",13,14.2,-16.7,53,32.4,"85","22.4",37,20,4.5,7.2,23.9,35.9,23,5.4,27.1,"95.875582928","91.952619865",64.7,11,26.4,31.2,68.8,123,394,52.2,1490,72.4,7.6,301,1517,746,2853,89,97,882,47.8,1363,42.5,1212,17.2,44.7,51.9,29.3,18.7,443,62.9,30.9,137,29.3,130,25.5,113,14.2,63,,,,,,"25.9"
"Garcia, Maikel",672580,2024,24,575,626,133,94,27,5,7,103,42,16.5,6.7,".231",".332",".281","0.613","0.101",".268","58","204","191","2","37","135","821","486","0","377","13","157","7","0","1","0","46","18","481","68","1","80","192","57","16",".259",".373",".270",".305",".309",".114",".292",".337",".279",".315","-0.028","-0.041","-0.035","70.8",10.8,15.9,13.8,40.9,35.5,"7.2",12,4.6,4.6,45.6,28.3,"90.4","6.4",34.1,18,3.7,4.8,26.6,22.5,39.5,2.9,42.8,"100.050927426","94.39492241",63.6,10.9,21.3,31.4,68.6,75,239,47.6,1124,74.7,9.7,164,1453,560,2360,89.1,86,786,52.4,1236,41.1,970,15.7,43.4,29.7,41.2,29.1,481,65.7,49.5,238,20.4,98,26.6,128,3.5,17,,,,,,"27.9"
"Cruz, Oneil",665833,2024,25,541,599,140,82,34,3,21,181,51,30.2,8.5,".259",".449",".324","0.773","0.190",".347","76","268","243","1","22","137","787","426","0","361","16","146","8","0","3","3","50","27","364","63","0","48","125","28","21",".259",".475",".331",".344",".325",".216",".447",".469",".385",".387",".000","-0.026","-0.013","78.5",75.3,24.6,16.5,34.1,22.9,"7.7",10,8.4,-6.7,42,32.9,"95.5","9.8",32.1,57,15.7,4.7,24.5,19.2,33.5,1.9,54.9,"107.199352928","98.547881492",63,24,31.7,51.6,48.4,208,403,53.4,1272,77.3,6.3,409,1095,706,2381,76,168,699,46.6,1109,42.9,1022,34.1,46.3,39.3,36,24.7,364,63.9,48.1,175,20.6,75,25.3,92,6,22,,"2","0.9","1.6","0.6","28.8"
"Morel, Christopher",666624,2024,25,535,611,105,70,11,3,21,159,61,26,10,".196",".346",".288","0.634","0.150",".233","60","240","185","7","8","122","824","351","0","347","27","152","15","0","1","10","41","29","381","34","1","67","131","30","45",".222",".401",".280",".316",".313",".180",".324",".381",".276",".316","-0.026","-0.055","-0.036","76.1",64.7,17.6,11.7,30.2,20.1,"8",24,13.1,-5.8,73.5,27.3,"89.2","14.2",27.6,39,10.2,4.5,21.8,26.5,34.1,2.6,40.4,"101.221222105","94.784090605",68.7,27.2,26.2,51.3,48.7,162,316,51.2,1204,81.7,7.4,240,1275,605,2352,72.8,215,789,48.8,1148,44.1,1037,34.1,47,45.7,37.5,16.8,381,64.6,45.1,172,25.2,96,17.6,67,12.1,46,,,,,,"27.3"
"Langford, Wyatt",694671,2024,22,499,557,126,81,25,4,16,115,51,20.6,9.2,".253",".415",".325","0.740","0.162",".296","74","220","207","3","19","126","810","416","0","358","24","134","6","0","2","4","45","26","387","55","0","86","110","30","35",".252",".435",".321",".332",".326",".183",".367",".383",".326",".326",".001","-0.020","-0.011","74.5",48.2,18.4,14.2,31.7,24.4,"7",8,11.2,-4.4,55.7,31,"89.6","16.6",31.3,36,9.3,6.5,23,27.9,28.4,4.1,43.4,"101.211098854","94.807365599",64.3,16.8,23,38.5,61.5,104,270,52,1173,71.7,8.3,257,1266,551,2256,83.2,117,696,48,1083,42.2,952,22.9,42.8,44.7,33.3,22,387,60.7,40.1,155,28.9,112,22,85,9,35,,"3","0.6","1.3","-0.2","29.8"
"Springer, George",543807,2024,34,545,614,120,79,19,3,19,115,60,18.7,9.8,".220",".371",".303","0.674","0.151",".245","56","218","202","1","16","119","784","334","1","413","25","145","16","0","0","6","35","26","432","59","0","70","180","37","25",".240",".412",".298",".325",".322",".171",".318",".356",".278",".304","-0.020","-0.041","-0.027","71.9",22.4,15.2,11.7,33,25.4,"7.4",24,10.8,1,52.2,33.8,"87.5","9.4",29.2,40,9.3,4.4,21.5,21.3,36.3,6.5,37.4,"99.896868","94.046929394",73,18.6,23.5,47.3,52.7,124,262,48.4,1113,87.6,6.7,233,1332,498,2304,81.4,161,866,51.6,1186,43.5,1000,25.3,49.1,37,40.7,22.2,432,65.3,49.8,215,22.2,96,22.2,96,5.8,25,,"-1","-0.1","-1.5","0","28.1"
"Chapman, Matt",656305,2024,31,575,647,142,74,39,2,27,158,64,24.4,9.9,".247",".463",".328","0.791","0.216",".293","78","248","266","2","15","139","916","520","0","504","33","154","13","0","0","6","43","28","419","71","0","91","118","25","42",".244",".460",".340",".342",".327",".216",".412",".416",".339",".338",".003",".003","-0.002","76.6",64.1,18.5,14.1,28.1,21.5,"7.5",21,6.2,-2.8,51.5,26.4,"93.2","16.2",31.3,53,12.6,8.1,20.5,30.1,24.6,3.1,48.3,"104.356012981","96.727633301",63.4,18.9,24.2,36.8,63.2,116,315,48.1,1300,71.1,7.2,236,1582,646,2706,81.1,168,891,51.9,1405,43.3,1171,23.5,44.6,37.9,37.7,24.3,419,64.2,38.4,161,28.4,119,23.2,97,10,42,,,,,,"28.7"
"Abrams, CJ",682928,2024,23,541,602,133,78,29,6,20,128,40,21.3,6.6,".246",".433",".314","0.747","0.187",".285","65","181","234","12","31","122","676","313","0","485","23","138","4","0","1","16","46","33","418","54","0","84","124","41","36",".243",".413",".322",".320",".314",".169",".373",".370",".319",".318",".003",".020",".002","72.2",23.9,13.5,10.4,31.9,24.7,"7.5",32,12.4,-3,61.9,29,"88.2","15.1",33,29,6.9,9.6,24.4,26.6,27.8,4.3,40.7,"99.496479615","93.910198048",70.4,18.4,35.5,37.6,62.4,148,394,49.1,1111,79.1,7.8,366,1136,569,2261,81.6,149,810,50.9,1150,43.9,992,24.7,53.3,45.2,33,21.8,418,63,40.7,170,28,117,22.7,95,8.6,36,,,,,,"28.5"
"Vierling, Matt",663837,2024,27,518,567,133,84,28,5,16,121,41,21.3,7.2,".257",".423",".312","0.735","0.166",".303","57","200","219","1","6","104","809","466","0","394","19","144","9","0","1","3","46","20","402","65","2","75","123","39","30",".252",".402",".317",".312",".309",".149",".373",".366",".331",".327",".005",".021",".005","71.1",11.8,15.5,12.6,36.1,29.3,"7.4",7,6.5,0.9,50.8,29.6,"89.8","11.7",34.1,30,7.5,5.5,23.9,25.1,33.8,3.5,40.9,"100.235830606","94.344722247",62.1,12.8,22,39.5,60.5,96,243,48.1,1106,72.8,8.5,225,1398,447,2312,87.2,95,741,51.9,1193,42.1,969,19.5,42.8,36.8,37.6,25.6,402,57.8,42,169,23.6,95,26.4,106,8,32,,"1","-1","0.2","0.6","28.8"
"Rodgers, Brendan",663898,2024,27,501,539,134,91,29,1,13,132,31,24.5,5.8,".267",".407",".314","0.721","0.140",".338","54","190","204","0","1","116","672","332","0","387","22","135","12","0","1","4","55","20","372","59","0","43","156","27","11",".246",".382",".314",".299",".295",".136",".390",".369",".361",".333",".021",".025",".015","71.7",25.2,14.4,11,31.5,24.1,"7.1",26,5,-2.3,39.9,31.9,"89.3","4.9",33.1,21,5.6,7,22.8,16.1,44.6,3.2,44.1,"101.153269243","94.773964417",69.1,15,29.1,52,48,156,300,49.5,1030,84.2,7.6,204,1103,569,2079,85,109,725,50.5,1049,43.4,902,25.9,49.3,33.3,44.4,22.3,372,66.7,56.7,211,16.9,63,23.4,87,3,11,,,,,,"26.0"
"Suzuki, Seiya",673548,2024,29,512,585,145,91,27,6,21,160,63,27.4,10.8,".283",".482",".366","0.848","0.199",".370","73","220","247","6","16","121","919","517","0","394","22","132","6","0","1","6","48","27","356","69","1","94","72","24","19",".252",".464",".365",".348",".340",".212",".468",".442",".407",".365",".031",".018",".017","73",35,18,13.8,33.4,25.7,"7.2",17,6.4,-0.9,47.3,30.1,"91.7","16.2",38.8,41,11.5,10.1,25.3,28.1,23.9,0.8,49.2,"102.565369326","95.834191408",59.6,16.6,20.7,46.1,53.9,123,267,51.4,1289,70.9,7.5,329,1457,538,2509,83.4,121,727,48.6,1220,42.3,1062,24.5,39.6,32.6,44.9,22.5,356,57.5,33.7,120,34,121,26.7,95,5.6,20,,"-3","0.8","0.7","-0.5","28.3"
"Rafaela, Ceddanne",678882,2024,23,544,571,134,91,23,5,15,151,15,26.4,2.6,".246",".390",".274","0.664","0.144",".312","75","250","212","10","19","141","506","224","0","453","35","152","8","0","1","7","40","31","398","63","0","74","129","25","33",".227",".374",".286",".276",".257",".147",".373",".359",".338",".313",".019",".016",".010","70.1",6.8,11.5,7.9,30.5,20.9,"7.5",24,14.1,-0.5,52.6,33.3,"86.6","14.9",34.9,30,7.5,5,23.9,25.6,30.9,7,36.9,"98.205036294","93.166643181",78.6,24.3,46.4,46.7,53.3,232,497,51.7,1071,84.4,7.1,206,1104,546,2070,75.7,191,785,48.3,999,40.9,846,33,61.9,37.2,36.7,26.1,398,70.5,42.5,169,26.4,105,22.9,91,8.3,33,,"5","2.2","1.9","-0.9","28.8"
"Devers, Rafael",646240,2024,27,525,601,143,76,34,5,28,147,67,24.5,11.1,".272",".516",".354","0.870","0.244",".323","83","235","271","0","3","124","820","292","0","451","31","138","13","0","1","3","34","42","384","67","0","60","125","28","26",".267",".514",".364",".366",".351",".247",".456",".459",".372",".367",".005",".002","-0.002","72.5",27.9,19.4,13.8,32.7,23.3,"7.4",24,8.3,7.3,59.6,28.4,"93.2","11.6",35.2,50,13,8.6,21.4,22.9,29.9,3.6,52.6,"104.597925864","97.090537461",73.8,28.1,30.4,36.8,63.2,140,380,52.7,1251,81.1,6.7,267,1484,470,2375,71.9,233,829,47.3,1124,42.7,1015,30.9,50.9,32.3,41.7,26,384,60.7,41.4,159,26.6,102,25,96,7,27,,,,,,"26.5"
"Arcia, Orlando",606115,2024,29,551,602,120,79,24,0,17,128,41,21.3,6.8,".218",".354",".271","0.625","0.136",".249","46","254","195","0","2","116","770","349","0","409","34","157","16","0","2","2","52","21","431","47","0","71","163","36","37",".204",".332",".273",".266",".261",".128",".313",".304",".279",".265",".014",".022",".007","70.9",13.5,12.3,9.3,34.2,25.8,"7.9",25,8.4,-3,62.7,25.4,"88.2","8.6",29.9,23,5.3,6.5,18.6,25.8,40.4,3,37.8,"98.41985743","93.283896472",70.8,17.7,27.6,49.4,50.6,159,322,50.1,1168,74.1,7.3,214,1299,587,2332,82.3,146,824,49.9,1164,41.6,969,26.6,49.1,46.2,33.2,20.6,431,64.5,49.9,215,21.3,92,20.2,87,8.6,37,,,,,,"25.6"
"Santander, Anthony",623993,2024,29,595,665,140,69,25,2,44,129,58,19.4,8.7,".235",".506",".308","0.814","0.271",".225","102","272","301","0","2","154","888","427","0","619","30","155","9","0","2","7","30","46","471","63","1","113","114","38","65",".225",".458",".345",".327",".301",".234",".394",".369",".297",".287",".010",".048",".018","73.1",33.8,13.9,11.2,27.7,22.3,"7.2",5,7.7,-7.2,50.7,26.5,"89.8","22.7",35,55,11.7,9.1,18.5,35,22.5,3,41.6,"100.325476894","94.357156511",67.8,15.4,33.9,27.9,72.1,138,494,53.2,1457,73,6.8,425,1651,531,2738,84.6,134,868,46.8,1281,42.6,1166,20,49.7,44.4,32.1,23.6,471,61.5,30.6,144,33.8,159,21.7,102,14,66,,"-2","-0.9","-0.7","0.8","26.0"
"Thomas, Lane",657041,2024,28,472,528,112,68,26,3,15,137,44,25.9,8.3,".237",".400",".309","0.709","0.163",".298","63","202","189","14","32","124","710","409","0","358","25","130","5","0","0","7","35","24","340","53","0","67","98","23","35",".240",".388",".309",".311",".313",".148",".377",".381",".329",".336","-0.003",".012","-0.002","71.7",16.9,15.3,12.1,32.7,26,"6.8",19,9,-2.6,60.1,29.3,"88.8","17",31.5,25,7.4,7.1,27.9,27.4,27.1,3.2,40.6,"100.376555353","94.3557595",64.1,17.1,22.8,41.2,58.8,96,233,49.2,1024,73.7,8.4,208,1164,528,2080,82.9,116,677,50.8,1056,44.1,918,23.3,43.8,40,37.1,22.9,340,62.6,39.1,133,26.8,91,23.2,79,10.9,37,,"-9","-0.4","-0.8","0.1","29.3"
"Bleday, JJ",668709,2024,26,572,642,139,72,43,4,20,125,67,19.5,10.4,".243",".437",".324","0.761","0.194",".279","60","227","250","3","2","119","892","408","0","377","30","159","8","0","1","2","37","30","448","72","0","110","119","41","39",".238",".413",".330",".322",".320",".176",".369",".356",".311",".304",".005",".024",".008","71.7",16.5,15.5,11.8,35,26.5,"7.3",24,10.6,-8.3,54.1,29.5,"88.5","18.6",37.1,37,8.3,7.1,24.3,32.4,25.2,2.7,36.2,"98.959573229","93.527316345",67.8,17,24.7,49.1,50.9,157,320,52.2,1295,84.7,7.1,485,1220,623,2483,83,137,805,47.8,1188,44.5,1106,26.1,45.3,41.3,35.9,22.8,448,61.4,34.8,156,31.3,140,25.2,113,8.7,39,,"-3","-0.4","0","0.2","27.6"
"Freeman, Freddie",518692,2024,34,542,638,153,94,35,2,22,100,78,15.7,12.2,".282",".476",".378","0.854","0.194",".306","89","237","258","2","9","149","889","309","0","544","27","147","13","0","2","10","35","37","450","81","0","103","139","41","12",".272",".475",".365",".369",".372",".203",".389",".394",".340",".332",".010",".001","-0.004","69.8",10.1,12.8,10.4,33.3,27.1,"6.8",10,7.9,1.4,40.3,42.5,"89.4","14.3",43.1,41,9.1,8.4,25.1,26,26,5.3,41.8,"100.349133067","94.527301044",73.8,16.6,26.6,29,71,101,348,51.8,1307,84.1,6.7,326,1466,532,2522,83.4,149,896,48.2,1214,43,1083,20.2,49.4,34.2,34.9,30.9,450,60.3,38.7,174,31.1,140,27.6,124,2.7,12,,,,,,"25.8"
"Bell, Josh",605137,2024,31,538,603,134,90,23,2,19,120,51,19.9,8.5,".249",".405",".319","0.724","0.156",".286","71","221","218","1","0","114","789","285","5","379","38","145","22","0","0","6","46","28","421","60","0","71","163","28","24",".233",".402",".317",".312",".306",".169",".357",".351",".318",".299",".016",".003",".005","70.4",15,15.4,11.6,36.1,27.3,"7.9",15,9.2,1.3,53.5,35.1,"88.9","10.5",31.4,32,7.6,6.2,21.4,22.6,37.3,4.3,40.1,"100.078711292","94.16958744",73.4,18.8,27.4,45.6,54.4,149,327,53.4,1194,82.7,6.2,505,1238,386,2238,81.2,144,766,46.6,1044,43.8,981,26.8,48.8,41.3,31.8,26.8,421,59,49.6,209,23.5,99,21.1,89,5.7,24,,,,,,"25.4"
"Hoskins, Rhys",656555,2024,31,449,517,96,56,14,0,26,149,53,28.8,10.3,".214",".419",".303","0.722","0.205",".250","82","233","188","0","3","135","775","450","2","402","32","131","11","0","1","7","22","35","306","39","0","77","80","19","32",".201",".402",".313",".306",".294",".201",".393",".381",".314",".298",".013",".017",".007","71.2",13.1,12.2,9.3,30,22.9,"8.1",23,15.7,-5.6,58.1,32.7,"88.7","20.8",29.7,39,12.7,6.2,20.3,33,23.9,3.9,42.2,"99.737434248","94.057895065",59.3,21.2,25.4,39,61,108,277,48.6,1090,71.2,7.9,159,1278,621,2243,78.8,145,684,51.4,1153,43.4,973,26.3,42.8,52.6,28.1,19.3,306,62,33.3,102,36.6,112,19.6,60,10.5,32,,,,,,"25.3"
"Turang, Brice",668930,2024,24,559,619,142,107,24,4,7,105,50,17,8.1,".254",".349",".316","0.665","0.095",".300","57","222","195","6","50","147","778","454","0","527","21","155","8","0","0","2","64","11","462","67","0","71","184","44","19",".261",".346",".294",".302",".323",".085",".318",".328",".311",".320","-0.007",".003","-0.008","66.2",3.4,6.1,5.3,33.8,29.1,"6.1",12,1.1,6.1,25.9,30.3,"87","6.1",32,11,2.4,2.6,28.4,20.8,38.3,7.4,29.7,"96.869333063","92.521821874",64.5,9.3,28.4,25.5,74.5,83,326,46.5,1149,75.9,8.9,357,1455,518,2470,90.7,79,852,53.5,1321,42.8,1056,13.8,47.7,24,41.8,34.2,462,62.6,53.7,248,17.7,82,24.5,113,4.1,19,,,,,,"29.3"
"García, Adolis",666969,2024,31,580,637,130,78,27,0,25,177,45,27.8,7.1,".224",".400",".284","0.684","0.176",".273","85","284","232","5","11","151","832","321","0","457","27","154","12","0","2","6","40","35","409","55","0","93","119","34","32",".223",".422",".296",".309",".285",".199",".376",".397",".318",".320",".001","-0.022","-0.013","72",23,16.4,11.1,33.4,22.6,"7.9",14,10.5,-2.6,58.2,29.3,"91","15",33.7,51,12.5,6.6,22.5,27.6,28.1,2.4,48.2,"101.827676765","95.435631691",74.9,24.7,33.6,51.5,48.5,242,470,55.2,1400,84,7.4,316,1527,450,2534,75.3,210,849,44.8,1134,40.9,1036,34.3,52.1,34.7,35.5,29.8,409,64.7,38.9,159,31.3,128,22,90,7.8,32,,"-12","-0.1","-0.7","0.3","26.8"
"Giménez, Andrés",665926,2024,25,583,633,147,115,22,1,9,97,26,15.3,4.1,".252",".340",".298","0.638","0.088",".286","63","235","198","5","30","123","684","299","0","534","26","152","11","0","0","15","66","13","495","68","0","78","187","49","32",".261",".362",".281",".301",".309",".101",".303",".328",".299",".313","-0.009","-0.022","-0.020","68.3",6.9,7.7,5.9,31.7,24.3,"7",12,10.1,0.6,51.5,31.9,"86.3","8.7",32.7,14,2.8,4.4,26.9,24,35.8,6.1,28.5,"96.492499139","92.262342361",74.6,15.7,37.4,37.6,62.4,165,439,48.9,1174,80.4,7.5,334,1321,561,2400,84.3,144,915,51.1,1226,44.6,1070,22.8,56.4,37.6,37.8,24.6,495,62.4,51.1,253,18.4,91,24,119,6.5,32,,,,,,"28.9"
"Hoerner, Nico",663538,2024,27,582,641,159,116,35,1,7,66,44,10.3,6.9,".273",".373",".335","0.708","0.100",".297","48","201","217","6","31","118","701","441","0","464","9","151","8","0","2","12","59","15","519","85","0","86","169","67","35",".281",".359",".313",".318",".344",".079",".312",".318",".306",".317","-0.008",".014","-0.005","68.2",2.8,7.2,6.4,35.4,31.7,"7.1",11,4.9,-1.4,43.7,32.7,"85.7","10.4",36,6,1.2,2.1,31,26,35.3,4.2,27.6,"95.980926525","91.993965849",63.8,6.9,31.8,22.5,77.5,80,356,48.3,1118,71.5,7.4,207,1377,512,2314,93.1,53,763,51.7,1196,43.6,1008,11.9,48.4,33.3,37.4,29.3,519,64.9,43.9,228,19.5,101,29.9,155,6.7,35,,,,,,"28.4"
"Nimmo, Brandon",607043,2024,31,571,663,128,77,25,3,23,158,77,23.8,11.6,".224",".399",".327","0.726","0.175",".267","90","217","228","0","15","135","1012","444","0","525","26","151","7","0","0","12","40","27","416","61","0","86","138","41","21",".241",".417",".321",".338",".344",".176",".363",".391",".308",".334","-0.017","-0.018","-0.017","73.3",34.8,15.5,12.1,30.9,24.2,"7.3",15,6.6,-0.3,50.6,29.2,"91.9","11.2",33.7,38,9.1,6.5,25.5,24,33.7,1,47.4,"101.264982933","95.221659687",65.6,15.2,24.1,45.5,54.5,151,332,50.1,1375,79,8.3,294,1700,604,2747,84.8,137,900,49.9,1372,43,1180,23.4,44.8,37,36.3,26.7,416,59,42.8,178,27.2,113,25,104,5,21,,"1","-0.8","-0.6","0.4","28.0"
"Arozarena, Randy",668227,2024,29,549,648,120,67,33,0,20,169,73,26.1,11.3,".219",".388",".332","0.720","0.169",".275","60","287","213","10","20","143","1000","563","0","415","27","154","7","0","1","22","45","27","384","48","0","79","126","25","34",".213",".381",".320",".322",".330",".168",".368",".372",".313",".309",".006",".007","-0.002","72.7",33.4,15.9,11.6,32.9,24.1,"7.4",15,9.4,-2.1,69.6,24.8,"90.4","13.2",28.4,32,8.3,7,21.1,27.6,33.1,2.6,43.5,"100.904108177","94.731331384",59.5,25,24.3,40,60,142,355,52.7,1462,72,6.7,337,1536,639,2774,75,195,781,47.3,1312,43,1192,29.7,41,42.4,38,19.5,384,62.5,44.5,171,27.6,106,19,73,8.9,34,,"-6","-0.6","-1.6","0.1","28.1"
"García Jr., Luis",671277,2024,24,500,528,141,97,25,1,18,86,27,16.3,5.1,".282",".444",".318","0.762","0.162",".310","70","197","222","5","22","141","574","291","0","345","23","140","12","0","0","0","51","26","415","64","0","78","150","35","11",".275",".461",".328",".335",".312",".186",".374",".383",".340",".332",".007","-0.017","-0.007","71.7",22.7,16.1,12.8,35.2,28,"7.3",10,10,1.6,61.1,29,"89.1","8.2",32.8,33,8,5.8,23.9,21.4,36.9,3.9,41.7,"100.167127696","94.249397672",69,12.6,36,36.4,63.6,129,354,52.3,984,74.6,7.3,320,967,451,1883,87.4,78,620,47.7,899,42.8,805,21.3,51.7,26.3,46.3,27.5,415,65.3,48.4,201,25.1,104,23.9,99,2.7,11,,,,,,"27.2"
"Happ, Ian",664023,2024,29,569,657,138,77,34,2,25,168,80,25.6,12.2,".243",".441",".341","0.782","0.198",".299","86","213","251","2","13","138","978","427","0","497","28","153","7","0","2","6","44","34","403","59","1","88","114","33","30",".240",".453",".341",".347",".339",".214",".409",".419",".342",".340",".003","-0.012","-0.006","72.4",23.7,15.1,11,31.8,23.2,"7",18,9.7,-3.9,44.1,32.6,"90.8","15.1",37,47,11.7,7.7,23.6,26.6,26.8,3.5,45.2,"101.590666318","95.287992294",67.8,21.4,23.3,47.3,52.7,147,311,49.1,1337,80.2,7.1,594,1507,460,2721,78.6,201,938,50.9,1384,45.1,1227,27.9,45.9,38.7,34,27.3,403,61.3,39.2,158,30.3,122,22.8,92,7.7,31,,"-1","0.3","-0.7","-0.2","27.9"
"Castellanos, Nick",592206,2024,32,606,659,154,97,30,4,23,139,41,21.1,6.2,".254",".431",".311","0.742","0.177",".294","86","262","261","2","6","152","672","238","0","481","33","162","14","0","2","10","39","39","469","74","2","104","141","52","18",".268",".454",".321",".337",".324",".186",".377",".399",".328",".347","-0.014","-0.023","-0.016","71.9",22.8,12.4,8.7,33.3,23.5,"7.6",12,12.7,-5.2,47.2,38.9,"88.4","15.2",39,38,8.1,6.8,29.4,27.3,25.4,2.8,38.2,"99.266703034","93.738511581",79,19.4,37.8,51.9,48.1,234,451,50.9,1194,86.5,6.6,266,1118,714,2344,80.6,176,909,49.1,1150,42.8,1003,30.1,58,37.5,37.7,24.7,469,69.9,38.4,180,30.5,143,26.9,126,4.3,20,,"-8","-0.7","-1.9","-0.1","27.4"
"Burleson, Alec",676475,2024,25,547,595,147,106,20,0,21,76,35,12.8,5.9,".269",".420",".314","0.734","0.151",".276","78","228","230","4","9","132","647","248","2","474","27","152","8","0","1","4","49","24","478","74","0","98","154","47","31",".270",".444",".319",".333",".317",".174",".339",".357",".308",".312","-0.001","-0.024","-0.014","71.2",18,13.3,11.1,37.2,31,"7.5",11,9.6,1.4,54.9,33.4,"89.7","13.6",34.3,31,6.5,7.1,26.6,26.2,30.1,3.1,41.7,"99.381927173","94.012155751",77.6,13.3,34.5,32,68,118,369,50.6,1070,84.5,7.3,298,1167,492,2117,86.7,108,809,49.4,1043,41.8,884,19.2,55.7,33.5,38.7,27.8,478,63.5,42.5,203,25.5,122,25.5,122,6.5,31,,"-9","-1.3","-3.6","0.6","25.5"
"De La Cruz, Elly",682829,2024,22,618,696,160,89,36,10,25,218,69,31.3,9.9,".259",".471",".339","0.810","0.212",".359","76","228","291","16","67","129","980","514","0","380","18","160","12","0","4","6","57","31","403","72","0","69","133","28","13",".237",".437",".349",".330",".319",".200",".476",".444",".399",".366",".022",".034",".019","75.2",53.8,19,13.2,31.7,22.1,"7.3",31,9.6,0.5,52.7,35.2,"91.8","9.7",35.7,51,12.7,6.2,22.8,21.1,33,3.7,45.7,"102.95535404","95.90272362",61.7,23.2,26.9,54.2,45.8,212,391,52.7,1451,76.1,6.7,515,1439,590,2751,76.8,186,802,47.3,1300,41.2,1133,33.4,43.4,43.4,34,22.6,403,62.1,47.1,190,24.8,100,24.8,100,3.2,13,,,,,,"30.0"
"Donovan, Brendan",680977,2024,27,587,652,163,112,34,3,14,81,47,12.4,7.2,".278",".417",".342","0.759","0.139",".300","73","228","245","5","5","136","846","477","0","415","15","153","4","0","3","13","53","23","511","86","1","94","163","49","38",".275",".432",".332",".341",".341",".157",".342",".353",".319",".318",".003","-0.015","-0.009","69.6",7.2,13.8,12,40.5,35.2,"6.9",14,7.7,0.8,49.6,30,"88.7","13.2",36.6,28,5.5,6.5,25.8,26.8,32.1,3.1,37.6,"98.552237391","93.418618597",63.7,8.6,23.7,33.6,66.4,96,286,48.6,1207,68,8.9,324,1502,490,2487,91.4,70,813,51.4,1277,42.9,1065,15.1,44.2,35.4,36.2,28.4,511,59.7,42.3,216,22.9,117,27.2,139,7.6,39,,"0","0.4","-0.5","-0.1","27.0"
"Varsho, Daulton",662139,2024,27,459,513,98,52,21,7,18,137,48,26.7,9.4,".214",".407",".293","0.700","0.193",".262","58","201","187","2","10","105","710","321","0","382","30","136","2","0","1","4","33","26","324","39","0","73","74","20","59",".185",".326",".304",".265",".267",".141",".372",".310",".303",".263",".029",".081",".039","73.7",34.4,11.1,8.2,24,17.7,"7.6",6,12.7,-3.6,54.2,32.6,"86.1","24.4",30.2,20,6.2,9,19.1,36.1,19.8,9.9,34,"98.537583503","93.276618121",70.3,20,25.9,44.6,55.4,120,269,50.9,1038,81.1,7,313,1209,387,2048,80,141,704,49.1,1001,45.9,936,27,47.6,47.5,29,23.5,324,62.3,33,107,30.6,99,18.2,59,18.2,59,,"15","1.3","1.9","0.1","28.5"
"France, Ty",664034,2024,29,479,535,112,75,24,0,13,114,38,21.3,7.1,".234",".365",".305","0.670","0.131",".277","51","202","175","1","1","95","680","260","0","417","29","140","16","0","2","13","38","21","370","52","1","80","129","25","23",".225",".394",".296",".306",".299",".169",".332",".346",".303",".294",".009","-0.029","-0.010","71",14.3,12.1,9.3,31.2,24.1,"7.6",17,13.9,5.3,52.5,34.6,"88.7","12.9",30.5,27,7.3,6.2,23.2,25.9,33,4.3,40,"99.663679892","94.004650595",74.7,16.4,26.9,46.5,53.5,125,269,49.3,999,83.1,7.3,195,1218,431,2028,83.6,126,769,50.7,1029,42.7,865,24.2,51.2,33.2,36.8,30,370,62.4,45.1,167,27.3,101,21.1,78,6.5,24,,,,,,"25.1"
"Cronenworth, Jake",630105,2024,30,577,656,139,90,29,3,17,118,61,18,9.3,".241",".390",".324","0.714","0.149",".274","83","271","225","2","5","157","966","487","3","557","25","155","19","0","1","11","45","26","463","68","0","91","157","40","34",".257",".431",".315",".339",".339",".175",".336",".371",".301",".322","-0.016","-0.041","-0.024","69.5",6.3,11.9,9.9,31.9,26.6,"7.1",11,6.4,0.8,36.2,33.3,"88.6","13.9",35.4,36,7.8,5.8,25.7,25.7,29.2,5.2,36.7,"99.527561266","93.904133654",65.9,10.8,23.1,36.1,63.9,112,310,48.8,1344,79,8.3,281,1810,514,2752,89.2,100,928,51.2,1408,43.4,1195,17.1,45,32.6,38.7,28.7,463,58.2,43.6,202,25.3,117,23.8,110,7.3,34,,,,,,"27.7"
"Busch, Michael",683737,2024,26,496,567,123,72,28,2,21,162,63,28.6,11.1,".248",".440",".335","0.775","0.192",".322","65","218","218","1","2","118","856","376","0","423","31","152","9","0","4","4","29","29","338","64","1","79","102","11","20",".217",".432",".336",".324",".309",".216",".428",".408",".364",".321",".031",".008",".012","70.3",11.3,13.3,9.6,35,25.2,"7.3",18,15.8,0.7,43.9,37.9,"89.9","17.2",36.4,38,11.2,6.5,20.7,29,28.1,4.1,39.9,"99.992212321","94.35127744",68.6,20.2,23.2,51.1,48.9,145,284,51.7,1222,86.5,7.2,364,1323,499,2365,79.8,158,784,48.3,1143,45.2,1068,28.4,45.2,40.5,35.2,24.3,338,61,38.8,131,32,108,22.8,77,6.5,22,,,,,,"27.3"
"Sánchez, Jesús",660821,2024,26,489,537,123,79,25,1,18,140,41,26.1,7.6,".252",".417",".313","0.730","0.165",".315","64","226","204","2","16","131","618","259","0","374","28","149","12","0","1","4","44","21","351","58","0","55","133","28","12",".261",".480",".317",".348",".323",".219",".397",".445",".350",".365","-0.009","-0.063","-0.031","75.2",54.4,19.1,13.1,32.2,22.2,"7.1",13,7.9,2.5,50.8,30.7,"92.5","7.7",31.8,43,12.2,7.1,23.6,16.2,37.2,3.1,51.3,"104.556000571","96.923820315",73.5,21.9,36.1,47.2,52.8,184,390,54.2,1080,83.3,6.3,323,1081,438,1991,78.1,147,670,45.8,911,42.9,854,31.2,53.2,31.8,39.2,28.7,352,67,50.3,177,21.6,76,24.4,86,3.4,12,,"2","0.5","-0.1","0.1","27.2"
"Smith, Will",669257,2024,29,476,544,118,72,24,2,20,105,51,19.3,9.4,".248",".433",".327","0.760","0.185",".273","75","206","206","1","1","132","792","384","0","452","27","128","8","0","0","9","31","38","379","49","0","115","94","34","17",".238",".463",".326",".337",".322",".225",".363",".380",".311",".303",".010","-0.030","-0.011","67.9",3.1,10.7,8.7,33.4,27.1,"7.2",27,13.2,0.4,60.5,34.6,"89.4","18.7",38.3,41,10.8,8.4,22.2,32.2,24.3,1.8,42,"99.318269153","93.929159392",66.6,15.5,26.3,34.2,65.8,103,301,50.5,1146,78.2,7.5,210,1377,508,2271,84.5,116,749,49.5,1125,43.9,997,20.9,46.2,31.9,41.7,26.4,379,60.9,33,125,40.4,153,22.2,84,4.5,17,"82.7",,,,,"27.4"
"Witt Jr., Bobby",677951,2024,24,636,709,211,123,45,11,32,106,57,15,8,".332",".588",".389","0.977","0.256",".354","109","181","374","12","31","129","848","359","0","496","39","161","4","0","1","8","80","40","538","91","0","124","122","41","37",".309",".583",".410",".407",".373",".274",".461",".457",".392",".370",".023",".005",".003","74.7",48.3,20.5,16.1,34.9,27.5,"7.1",16,5.9,-2.1,48.5,29.8,"92.7","15.1",35.7,77,14.3,5.6,24.9,27.7,25.3,2.2,48.3,"103.972880446","96.499868141",72.3,15.2,32.1,36.7,63.3,161,439,52.6,1368,80.2,7.6,284,1382,698,2600,84.8,135,891,47.4,1232,41.3,1075,22.3,51.2,32.3,39.6,28.1,538,62,37.5,202,30.5,164,25.1,135,6.9,37,,,,,,"30.5"
"Winker, Jesse",608385,2024,30,430,508,109,72,23,0,14,106,63,20.9,12.4,".253",".405",".360","0.765","0.152",".304","58","169","174","4","14","104","776","354","0","386","10","145","12","0","0","10","37","19","329","53","0","54","114","22","30",".243",".388",".338",".330",".351",".145",".370",".359",".333",".320",".010",".017",".008","69.5",7.4,11.3,9.4,32.3,26.7,"7.3",18,12.2,7.6,59.7,35.3,"88.6","14",30.1,25,7.6,3.3,28.3,24,33.1,3.6,37.4,"98.91091179","93.570274815",64.7,15,19,37.5,62.5,69,184,47,970,77.6,8.9,288,1227,443,2063,85,106,707,53,1093,43.7,902,19.6,43.2,35,35.3,29.8,329,61.9,45.9,151,22.2,73,22.8,75,9.1,30,,"-9","-1.5","-2.2","0.4","26.1"
"Castro, Willi",650489,2024,27,558,635,138,90,31,5,12,150,51,23.6,8,".247",".385",".331","0.716","0.138",".315","60","236","215","9","14","132","781","357","0","499","27","158","8","0","0","21","46","28","413","64","0","84","119","48","23",".242",".390",".317",".323",".330",".147",".366",".376",".335",".333",".005","-0.005","-0.006","70.6",15.5,12,8.7,29,21,"7.1",18,9.1,-5.9,45.9,37.1,"87.4","13.6",39,29,7,8,26.6,25.9,26.4,5.6,36.8,"98.851706502","93.501303852",72.7,17.4,31.7,53.5,46.5,221,413,51.9,1302,77,8.1,461,1372,561,2509,82.6,153,877,48.1,1207,42.7,1072,29,51.4,40.4,34.1,25.4,413,65,40,165,27.1,112,27.4,113,5.6,23,,"-4","0.1","0","-0.1","27.9"
"Torres, Gleyber",650402,2024,27,587,665,151,110,26,0,15,136,65,20.5,9.8,".257",".378",".330","0.708","0.121",".306","63","222","222","3","4","119","998","464","0","531","32","154","6","0","3","3","39","29","461","83","0","109","131","41","28",".240",".386",".313",".314",".317",".146",".349",".351",".329",".310",".017","-0.008","-0.001","70.1",9,10,7.9,32.8,26,"7.2",21,8.4,5.2,52.5,34.5,"88.6","15",38.2,29,6.3,6.1,26.5,28.6,29.9,2.2,35.4,"98.295655921","93.36890443",69.2,18.7,21.4,37,63,110,297,49.3,1386,78.5,7.6,336,1511,649,2821,81.3,185,988,50.7,1427,42.4,1192,22.9,45.7,31.7,34.7,33.6,461,62.9,36.9,170,29.9,138,26.9,124,6.3,29,,,,,,"26.6"
"Guerrero Jr., Vladimir",665489,2024,25,616,697,199,124,44,1,30,96,72,13.8,10.3,".323",".544",".396","0.940","0.221",".342","103","225","335","2","2","151","898","406","0","457","19","159","16","0","1","5","65","40","524","94","0","71","185","45","22",".316",".578",".398",".412",".391",".261",".434",".453",".380",".374",".007","-0.034","-0.014","75.9",57.5,24.2,19.4,34.5,27.7,"7.7",9,3.2,-0.4,37.4,28.6,"93.8","7.4",35.1,72,13.7,6.3,23.9,18.1,34.7,2.9,54.9,"105.663720766","97.649346073",68.5,15.1,27.5,37.3,62.7,133,357,50.1,1299,79.5,7.7,314,1586,459,2602,84.9,134,888,49.9,1296,41.2,1070,21.5,48,33.6,41.8,24.6,524,61.9,47.7,250,21.2,111,26.9,141,4.2,22,,,,,,"27.2"
"Adames, Willy",642715,2024,28,610,688,153,88,33,0,32,173,74,25.1,10.8,".251",".462",".331","0.793","0.211",".297","112","285","282","4","21","181","908","385","0","511","47","161","12","0","3","1","34","54","440","64","1","106","102","36","43",".240",".468",".342",".341",".322",".228",".419",".418",".348",".333",".011","-0.006",".001","73.6",33.2,13.5,9.8,29,21.1,"8.1",9,15.5,-0.8,58.5,33.7,"88.6","20.6",38.2,53,12,8.6,21.4,31.6,21.8,4.5,40.7,"99.769639045","94.108759136",71.3,21.1,28.1,50.5,49.5,196,388,50.5,1381,83.2,7.2,270,1650,614,2733,78.9,203,964,49.5,1352,42.7,1166,29.5,49.5,43.9,33.9,22.3,440,59.9,30.9,136,36.4,160,22.7,100,10,44,,,,,,"27.4"
"Frelick, Sal",686217,2024,24,475,524,123,95,22,4,2,78,39,14.9,7.4,".259",".335",".320","0.655","0.076",".306","32","176","159","3","18","108","671","464","3","336","11","145","8","0","1","4","53","12","400","57","1","60","139","41","36",".246",".309",".292",".283",".308",".063",".306",".294",".309",".294",".013",".026",".009","66.3",2.6,5.8,5.1,36,31.7,"6.9",10,5.6,0.6,40.9,30.3,"83.4","9.7",30,3,0.8,3.5,24.8,24,38.3,8.5,19.5,"94.439757846","91.272403907",57,8.1,25.8,23.8,76.2,62,261,49.5,1013,59.7,7.3,251,1213,450,2046,91.9,48,589,50.5,1033,42.2,864,12.9,41.5,29.5,43,27.5,400,61.1,48,192,18,72,24.8,99,9.3,37,,"6","0","-0.2","-0.4","29.3"
"Naylor, Josh",647304,2024,27,563,633,137,79,27,0,31,105,58,16.6,9.2,".243",".456",".320","0.776","0.213",".246","108","249","257","2","6","172","791","289","1","429","19","152","17","0","0","7","44","35","463","58","0","81","172","38","34",".254",".451",".332",".338",".330",".197",".362",".370",".297",".311","-0.011",".005","-0.006","72.9",32.7,15.9,12.7,34.1,27.3,"7.6",11,8.7,-8.7,45.3,29.1,"89.9","11.1",30.1,39,8.4,6.1,22.9,24.2,34.6,3.5,40.9,"100.815360087","94.680816725",72.3,14.5,32.2,37,63,149,403,54.8,1252,80.7,6.3,480,1097,534,2284,85.4,108,746,45.2,1032,42.1,962,22.4,50.3,38.1,40.3,21.6,462,60.3,46.8,216,25.1,116,20.8,96,7.4,34,,,,,,"25.2"
"Ramírez, José",608070,2024,31,620,682,173,93,39,2,39,82,54,12,7.9,".279",".537",".335","0.872","0.258",".265","118","235","333","7","41","144","905","411","1","602","21","158","9","0","2","1","48","45","544","79","1","124","138","43","64",".256",".467",".364",".333",".317",".210",".393",".355",".318",".296",".023",".070",".031","71.6",18.9,14.2,12.4,32.6,28.5,"7.3",17,9.9,-9.6,63.8,30.7,"89.2","19.6",34,47,8.6,8.5,19.7,34.4,25.9,2.9,39.7,"99.642954081","93.982319614",69,9.4,31.7,26.6,73.4,121,455,52.5,1435,77,6.8,589,1318,658,2735,90.6,84,897,47.5,1300,44.3,1211,15.2,49.4,51.3,30.1,18.6,544,55.3,34.2,186,31.1,169,22.6,123,12.1,66,,,,,,"28.2"
"O'Hoppe, Logan",681351,2024,24,479,522,117,79,17,1,20,155,33,29.7,6.3,".244",".409",".303","0.712","0.165",".318","56","177","196","3","2","100","615","276","0","359","22","136","7","0","2","8","30","30","326","57","0","66","94","29","20",".247",".462",".311",".333",".306",".215",".411",".446",".360",".365","-0.003","-0.053","-0.022","70.7",17.4,14.6,10,32.9,22.7,"7.3",41,15.1,-2.4,54.3,33.9,"90.4","15.3",42.9,39,12,7.1,26.7,24.5,26.7,3.1,46.3,"101.233350982","95.0870388",72.4,22.7,34,54.3,45.7,194,357,53,1051,80.4,7,245,1012,495,1983,77.3,153,675,47,932,41.5,822,33.6,52,42.3,35.3,22.4,326,64,38,124,29.4,96,26.4,86,6.1,20,"83.7",,,,,"28.1"
"Walker, Christian",572233,2024,33,479,552,120,68,26,0,26,133,55,24.1,10,".251",".468",".335","0.803","0.217",".287","84","230","224","2","2","138","821","312","0","473","20","130","12","0","1","10","40","33","354","46","1","80","94","32","26",".243",".470",".343",".354",".335",".228",".412",".428",".339",".339",".008","-0.002","-0.011","75",52.7,15.8,12.2,26.1,20.2,"7.5",32,8.7,-3.7,46.9,30.3,"91.2","16.6",35,47,13.3,7.1,23.2,28,25.1,3.1,48,"103.127969548","96.011102521",73.1,17.5,24.3,48.8,51.2,141,289,51.4,1189,78,7.9,272,1273,561,2315,82.5,144,823,48.6,1126,41.6,962,25.6,48,41,34.7,24.3,354,57.4,37.9,134,31.9,113,22.3,79,7.9,28,,,,,,"26.2"
"Altuve, Jose",514888,2024,34,628,682,185,134,31,0,20,119,47,17.4,6.9,".295",".439",".350","0.789","0.144",".337","65","193","276","7","22","124","784","361","0","464","21","153","15","0","2","7","66","43","509","76","0","89","153","56","26",".261",".406",".344",".319",".319",".145",".389",".356",".363",".322",".034",".033",".025","69.4",13,9,7.1,33.2,26.1,"7.8",10,16.5,-4.1,49.4,30.2,"86.5","14.1",35.4,33,6.5,3.9,28.5,24.4,28.7,7.9,31.2,"97.323672581","92.693762581",68.6,12.7,37.3,36.3,63.7,182,501,54.7,1343,76.1,7.5,355,1281,636,2454,87.3,97,762,45.3,1111,41.1,1009,22.1,51.5,51.3,34.6,14.1,509,64.6,43,219,25.9,132,25.9,132,5.1,26,,,,,,"27.1"
"Gelof, Zack",680869,2024,24,497,547,105,66,20,2,17,188,38,34.4,6.9,".211",".362",".270","0.632","0.151",".296","49","231","180","3","25","108","645","303","0","352","20","138","7","0","2","4","36","22","317","47","0","65","102","24","20",".198",".353",".276",".273",".261",".155",".386",".382",".334",".318",".013",".009",".003","71.6",11.7,12,7.8,30.4,19.8,"7.3",23,16.4,0.8,54.8,33.7,"89.2","14.2",34.4,28,8.8,6.3,22.4,26.5,31.5,4.1,37.2,"98.970921935","93.611147032",72.1,26.1,29.7,62.8,37.2,186,296,48.6,998,84.4,7.2,248,1064,545,2055,73.9,199,762,51.4,1057,43.8,901,36.4,51.5,41.6,37.9,20.5,317,65.4,43.5,138,27.4,87,22.7,72,6.3,20,,,,,,"28.7"
"Peña, Jeremy",665161,2024,26,602,650,160,115,28,2,15,111,25,17.1,3.8,".266",".394",".308","0.702","0.128",".301","70","283","237","6","20","148","659","319","0","411","27","157","15","0","0","14","70","23","500","67","0","92","182","39","24",".262",".401",".305",".314",".307",".139",".343",".354",".322",".321",".004","-0.007","-0.009","72.6",22.5,14.9,11.3,33.8,25.5,"7.6",13,8.6,-5,55.5,28.9,"88.2","7.5",29.2,27,5.4,5.4,23.2,21.6,39.8,3.8,38.8,"99.323506707","93.74168435",72.9,11.4,36.9,49.4,50.6,215,435,51.9,1180,81.3,7.3,292,1216,557,2272,88.6,91,796,48.1,1092,41.5,943,24.9,54.2,40.2,37.2,22.6,500,67.6,50.4,252,23,115,21.8,109,4.8,24,,,,,,"29.8"
"India, Jonathan",663697,2024,27,533,637,132,87,28,2,15,125,80,19.6,12.6,".248",".392",".357","0.749","0.144",".292","58","153","209","2","13","86","1013","563","0","403","18","151","16","0","1","15","39","26","417","67","0","69","141","39","31",".262",".418",".333",".354",".373",".156",".351",".382",".318",".342","-0.014","-0.026","-0.021","71.7",22.2,12.4,10.2,30.7,25.3,"7.2",25,8.1,-0.9,48.4,29.4,"87.2","13.5",39.3,32,7.7,5.8,27.3,22.5,31.9,4.6,36.5,"98.90319256","93.547150797",57.6,12.2,18.4,41.7,58.3,100,240,49.1,1302,63.9,8.1,237,1607,608,2652,87.8,95,777,50.9,1350,42.9,1137,19.2,38.3,41.2,39.3,19.4,417,59.8,43.2,180,22.8,95,26.6,111,7.4,31,,,,,,"28.0"
"Gurriel Jr., Lourdes",666971,2024,30,513,553,143,101,22,2,18,101,29,18.3,5.2,".279",".435",".322","0.757","0.156",".313","75","220","223","1","7","142","641","327","0","432","13","133","16","0","0","6","42","29","417","71","1","84","117","37","35",".265",".433",".327",".325",".311",".168",".376",".373",".343",".328",".014",".002",".002","70.6",9.5,13.4,10.9,31.5,25.7,"7.5",12,8.5,-4.1,48.3,35.8,"88.4","15.7",33.8,28,6.7,7.2,25.7,28.8,28.3,3.4,40,"99.549348469","93.921850288",69.5,11.8,32.9,37.7,62.3,130,345,50.3,1048,77.8,7.3,256,1159,488,2083,88.2,85,719,49.7,1035,41.8,870,20.2,51.1,40.5,31.9,27.6,417,64.3,38.1,159,27.1,113,26.1,109,8.6,36,,"3","0.8","0.3","-0.1","26.6"
"Ortiz, Joey",687401,2024,25,440,511,105,63,25,6,11,103,56,20.2,11,".239",".398",".329","0.727","0.159",".283","60","184","175","6","11","103","733","501","0","345","18","142","10","0","0","6","48","15","346","42","0","56","123","26","32",".232",".347",".319",".307",".327",".114",".347",".329",".306",".303",".007",".051",".012","73.4",35.2,12.7,10.8,27,23,"7.5",8,2.2,1.4,35.6,26.8,"87.8","9.9",26.6,16,4.6,5.2,24,24.9,35.5,5.2,38.4,"99.391509467","93.766433018",53.5,9.9,24.7,33.3,66.7,86,258,49.2,1044,56.3,7.9,165,1302,472,2124,90.1,57,578,50.8,1080,44.9,953,17.1,39.4,38.2,30.6,31.2,346,58.5,49.4,171,20.5,71,20.8,72,9.2,32,,,,,,"28.7"
"Neto, Zach",687263,2024,23,542,602,135,77,34,1,23,140,39,23.3,6.5,".249",".443",".318","0.761","0.194",".295","77","205","240","10","30","111","719","377","0","402","15","155","14","0","1","16","44","36","407","54","1","83","140","21","27",".233",".421",".330",".319",".305",".188",".395",".379",".335",".316",".016",".022",".011","71",14.7,13.9,10.4,33.8,25.4,"7.1",37,14.6,-6.1,56.5,33.4,"88.5","12.3",29,34,8.4,8.4,21.1,24.8,29.7,7.1,38.8,"100.130832864","94.28058907",67.9,17.8,31.3,45.8,54.2,170,371,51.9,1187,76.3,7,277,1169,603,2289,82.2,133,748,48.1,1102,41.5,951,27.1,48.9,46.2,33.9,19.9,407,62.1,45.2,184,29.2,119,18.7,76,6.9,28,,,,,,"28.2"
"Soto, Juan",665742,2024,25,576,713,166,90,31,4,41,119,129,16.7,18.1,".288",".569",".419","0.988","0.281",".298","109","203","328","4","7","116","1200","560","0","395","16","157","10","0","1","4","44","51","461","71","0","77","162","31","22",".310",".655",".421",".463",".440",".345",".453",".518",".360",".392","-0.022","-0.086","-0.042","75.4",59.2,25.3,20.5,39.3,31.9,"7.3",28,12.2,2.5,60.8,27.1,"94.2","10.7",35.4,91,19.7,6.3,22.6,18.2,28.9,4.1,57,"105.650123728","97.994705143",59,15.3,18.3,39.1,60.9,113,289,53.5,1583,72.1,7,552,1502,694,2960,84.7,124,811,46.5,1374,43,1272,21.5,37.2,42.3,35.8,21.9,461,54.1,44.7,206,27.8,128,22.8,105,4.8,22,,"-4","1","0.2","-0.3","26.8"
"Winn, Masyn",691026,2024,22,587,637,157,105,32,5,15,109,41,17.1,6.4,".267",".416",".314","0.730","0.149",".303","57","215","244","5","11","125","827","483","0","478","26","150","1","0","3","1","60","25","486","72","0","93","140","55","38",".253",".363",".315",".296",".302",".110",".355",".330",".325",".310",".014",".053",".019","70.2",11.5,12,9.9,32.2,26.5,"7.3",14,4.7,-1.9,39.8,28.4,"87","13.2",33.5,18,3.7,6.4,25.7,28.2,30.2,5.6,32.7,"98.144268452","93.085870398",62.7,13,30.4,32.2,67.8,121,376,48.5,1237,70.2,8.5,251,1497,560,2558,87,107,825,51.5,1316,42.3,1081,19,47,32.7,37.2,30,486,62.1,41.2,200,24.3,118,26.5,129,8,39,,,,,,"28.8"
"Turner, Justin",457759,2024,39,460,539,119,84,24,0,11,95,59,17.6,10.9,".259",".383",".354","0.737","0.124",".299","55","208","176","2","0","120","820","404","0","503","20","139","16","0","1","13","27","24","372","66","2","90","94","42","24",".251",".394",".327",".333",".351",".143",".341",".350",".320",".315",".008","-0.011","-0.006","65.1",0.8,5,4.3,32.5,27.9,"6.3",16,9.3,-0.4,52.3,34.5,"87.1","17.8",40.1,17,4.6,6.7,29.6,32,23.9,3.2,32.5,"96.702342312","92.434680753",65.6,11.5,25.2,31.3,68.7,91,291,49.9,1157,77.5,7.3,164,1565,438,2320,88.5,88,763,50.1,1163,43.3,1005,17,45.4,38.7,36.8,24.5,372,57.7,32.5,121,30.6,114,29.8,111,7,26,,,,,,"25.4"
"Stott, Bryson",681082,2024,26,506,571,124,92,19,2,11,93,53,16.3,9.3,".245",".356",".315","0.671","0.111",".275","57","209","180","3","32","109","766","485","0","418","24","148","9","0","1","3","50","16","422","56","2","93","132","42","29",".254",".369",".296",".311",".326",".115",".310",".330",".294",".308","-0.009","-0.013","-0.015","68.2",1.9,8.8,7.6,35.2,30.2,"7.1",22,6.5,2.2,47.4,31.9,"87","14",35.3,15,3.6,5.2,27.3,30.3,30.6,2.8,30.8,"97.149266143","92.631038831",59.6,13.3,28.3,25,75,81,324,49.5,1143,66.5,8,350,1375,425,2307,86.7,92,694,50.5,1164,43.3,999,17,44.1,32.2,37.2,30.6,422,63.2,43.1,182,25.8,109,23.7,100,7.3,31,,,,,,"29.1"
"De La Cruz, Bryan",650559,2024,27,584,622,136,90,25,0,21,170,29,27.3,4.7,".233",".384",".271","0.655","0.151",".289","68","237","224","2","5","126","739","324","1","475","37","149","10","0","2","3","36","26","419","74","0","99","137","29","18",".241",".431",".283",".306",".279",".190",".367",".402",".325",".337","-0.008","-0.047","-0.023","71.8",19.9,12.7,9.2,32.7,23.8,"7.7",20,13.4,1.1,52.8,38.1,"89.6","13.1",35.6,39,9.3,6.4,25.1,25.5,30.5,2.9,41.3,"99.848652919","94.22196445",75.3,22.4,32.6,47,53,188,400,51.3,1227,84.5,7.3,262,1267,612,2394,77.6,197,879,48.7,1167,40.8,977,30.1,53.4,38.7,32.2,29.1,419,64.6,41.3,173,29.8,125,24.6,103,4.3,18,,"-7","-0.5","-1.6","0","27.5"
"Merrill, Jackson",701538,2024,21,554,593,162,101,31,6,24,101,29,17,4.9,".292",".500",".326","0.826","0.208",".318","90","245","277","3","16","138","665","226","0","536","19","156","2","0","3","1","51","36","462","75","0","117","119","44","19",".300",".547",".352",".375",".334",".248",".408",".438",".354",".364","-0.008","-0.047","-0.023","72.2",21.6,15.1,12.3,30.6,24.9,"7.5",27,6.2,0.8,41.9,37.4,"90.4","14.6",39.6,52,11.3,7.8,25.3,26.4,26.2,3,43.9,"100.811784978","94.735707484",80,13.9,34.5,35.4,64.6,137,387,50.7,1123,90.3,7.9,328,1255,470,2214,86.1,121,873,49.3,1091,42,930,20.5,56.9,32.3,41.8,26,462,65.5,36.8,170,33.1,153,26,120,4.1,19,,"12","1.7","1.1","-1.2","28.5"
"Swanson, Dansby",621020,2024,30,534,593,129,84,27,2,16,144,54,24.3,9.1,".242",".390",".312","0.702","0.148",".300","66","218","208","3","19","126","805","346","0","425","20","149","7","0","0","2","45","25","393","59","0","66","151","26","21",".241",".423",".307",".324",".313",".181",".366",".392",".328",".330",".001","-0.033","-0.017","71.7",12.8,15.4,11.3,33.4,24.4,"7.4",22,14.8,0.2,55.9,35.2,"89.4","10.4",32.6,36,9.2,7.9,22.4,21.1,36.1,3.3,42.7,"100.210263655","94.404024529",71,22.6,24,48.9,51.1,131,268,47.4,1116,88.8,8.3,274,1238,605,2355,77.4,199,880,52.6,1239,43.9,1034,28.7,48.7,43.3,36.1,20.6,393,62.2,49.9,196,23.2,91,21.6,85,5.3,21,,,,,,"27.8"
"Verdugo, Alex",657077,2024,28,559,621,130,88,28,1,13,93,49,15,7.9,".233",".356",".291","0.647","0.123",".253","61","271","199","1","2","138","781","469","0","401","20","149","14","0","1","1","47","22","478","61","0","88","190","42","24",".247",".383",".283",".306",".307",".136",".296",".326",".273",".294","-0.014","-0.027","-0.023","68.3",7.5,10.9,9.1,39.8,33.4,"6.3",5,5.6,0.4,44.6,31.3,"88.3","9.9",31.6,27,5.6,6.1,22.4,23.8,38.1,3.6,34.9,"98.009613263","93.0881338",61.3,9,25.6,33.3,66.7,93,279,46.6,1091,71.7,8.8,349,1383,451,2342,91,69,767,53.4,1251,44.7,1048,15.5,44.7,34.9,35.6,29.5,478,62,49.6,237,23,110,22.4,107,5,24,,"1","0.5","0.1","-0.3","26.7"
"Pasquantino, Vinnie",686469,2024,26,496,554,130,79,30,2,19,71,40,12.8,7.2,".262",".446",".315","0.761","0.184",".265","97","186","221","0","1","139","704","354","0","429","19","131","12","0","3","4","43","24","439","63","0","98","134","35","37",".264",".452",".325",".336",".320",".188",".341",".356",".297",".304","-0.002","-0.006","-0.011","71.7",19.8,16.3,14.1,37.1,32.1,"7.4",10,9.6,-7,57.9,30.1,"91","14.6",31.9,31,7.1,8.9,23.2,28.2,30.1,2.5,46.5,"100.997993151","94.970921142",66.3,7.5,30.7,28.4,71.6,97,341,52,1109,75,7.3,391,1182,430,2133,92.5,51,679,48,1024,42.9,915,14.5,47.8,45.8,35.3,18.9,439,59.9,40.3,177,27.8,122,23.5,103,8.4,37,,,,,,"25.6"
"Soler, Jorge",624585,2024,32,493,574,119,63,34,1,21,141,68,24.6,11.8,".241",".442",".338","0.780","0.201",".293","64","230","218","0","1","110","851","396","3","391","18","142","9","0","5","6","27","30","356","62","0","77","107","18","34",".242",".463",".340",".352",".341",".221",".401",".420",".334",".338","-0.001","-0.021","-0.012","75.4",56.6,15.7,11.5,29.7,21.7,"7.9",12,11,-9.6,56.5,33.5,"90.5","17.9",33.4,45,12.6,7.3,22.5,28.7,24.7,4.2,44.1,"101.898357865","95.262490702",64.8,17.1,26.8,53.6,46.4,181,338,53.6,1260,75,6.5,289,1227,632,2361,82.9,121,708,46.4,1092,40.5,953,28.9,44.5,41.6,36.2,22.2,356,58.9,37.6,134,30.1,107,22.5,80,9.8,35,,"-7","-0.4","-3.4","-0.1","26.9"
"Goldschmidt, Paul",502671,2024,36,599,654,147,91,33,1,22,173,47,26.5,7.2,".245",".414",".302","0.716","0.169",".308","65","269","248","0","11","143","871","486","4","513","29","154","20","0","2","2","47","41","428","59","0","74","140","42","24",".252",".462",".310",".332",".308",".210",".393",".428",".343",".354","-0.007","-0.048","-0.022","72.5",24.3,18,13.3,33.4,24.8,"7.8",10,11,2,53.3,32,"91.2","13.1",34.3,46,10.7,8.9,26.6,22,29,2.3,49.6,"101.892583709","95.666428146",65.1,22.1,29.6,39.7,60.3,156,393,48.9,1329,71.5,8.9,321,1519,600,2719,77.9,200,903,51.1,1388,43.8,1191,27.4,47.7,39,34.6,26.4,428,64,43.7,187,26.9,115,23.8,102,5.6,24,,,,,,"26.3"
"Rooker, Brent",667670,2024,29,546,614,160,93,26,2,39,177,59,28.8,9.6,".293",".562",".365","0.927","0.269",".362","112","207","307","3","11","136","794","310","0","413","28","145","5","0","1","5","44","50","373","64","2","78","82","23","30",".263",".566",".392",".381",".339",".303",".530",".513",".429",".387",".030","-0.004",".011","73.7",37.2,18,12.5,32.5,22.4,"7.1",29,11.7,-5.6,47.3,35.7,"91.9","18.9",38.3,62,16.6,8.6,21.4,26.8,22.8,3.2,49.6,"103.25238457","96.193453235",72.6,21.1,31,60.2,39.8,239,397,53.9,1282,79.5,7.4,349,1241,584,2378,78.9,168,796,46.1,1096,41.2,979,34.1,50.2,42.6,32.7,24.7,373,63.8,33.8,126,34.3,128,23.3,87,8.6,32,,"-2","-0.1","-1.2","-0.3","27.6"
"Betts, Mookie",605141,2024,31,450,516,130,82,24,5,19,57,61,11,11.8,".289",".491",".372","0.863","0.202",".294","75","138","221","2","16","97","772","410","0","306","7","116","10","0","1","1","27","32","397","71","0","108","81","42","34",".282",".468",".371",".364",".368",".187",".376",".367",".327",".322",".007",".023",".007","69",9.6,11.8,10.3,42.5,37.3,"6.9",19,8.9,-4.2,52.8,34,"89.9","21.4",39.3,24,6,10.1,28.2,35,19.1,1.5,39.5,"98.50877402","93.575257103",60.8,6.1,21.1,38.7,61.3,86,222,51.4,1053,76.1,6.9,228,1215,426,2047,93.9,37,604,48.6,994,43.3,887,14.9,40.4,34.3,41.6,24.2,397,61,27.2,108,35.3,140,29,115,8.6,34,,"1","-0.5","-0.7","0.7","26.7"
"Hernández, Teoscar",606192,2024,31,589,652,160,93,32,2,33,188,53,28.8,8.1,".272",".501",".339","0.840","0.229",".344","99","285","295","3","12","170","848","347","1","478","34","154","7","0","2","8","60","45","402","54","1","62","127","33","18",".245",".493",".360",".347",".316",".248",".480",".459",".398",".360",".027",".008",".013","73.2",31.7,18.5,12.5,29.6,19.9,"7.8",29,9.1,0.9,51.5,32.7,"90.6","10.3",33.8,60,14.9,7.5,20.4,20.4,33.1,3.5,46.8,"102.727395423","95.689116559",74.7,24.9,28.7,56.5,43.5,217,384,51.2,1336,80.6,7.9,248,1407,707,2608,75.1,237,950,48.8,1272,41.6,1085,34,51.2,33.8,38.1,28.1,402,64.7,46.5,187,26.6,107,22.1,89,4.7,19,,"-9","-1.3","-1.1","0.7","28.6"
"Young, Jacob",696285,2024,24,468,521,120,92,24,1,3,102,30,19.6,5.8,".256",".331",".316","0.647","0.075",".321","36","177","155","10","33","101","630","406","0","301","18","150","11","0","1","12","58","10","377","50","2","48","155","37","17",".254",".323",".290",".291",".315",".069",".323",".326",".326",".324",".002",".008","-0.001","68.2",1.4,8.9,7.4,35.7,29.4,"6.9",20,6.6,5.5,51.3,31,"85.8","4",28.1,6,1.6,2.9,25.7,16.7,39,13,28.9,"96.872142235","92.486924676",60.3,12.1,27.8,36.6,63.4,94,257,47.4,926,72.8,7.7,185,1134,443,1955,87.9,75,620,52.6,1029,43.8,857,19.3,44.9,27.3,35.8,36.9,377,64.7,56.5,213,15.4,58,23.1,87,5,19,,"20","4.2","1.5","-2.7","29.7"
"Contreras, William",661388,2024,26,595,679,167,105,37,2,23,139,78,20.5,11.5,".281",".466",".365","0.831","0.185",".330","92","224","277","2","9","158","970","363","0","457","23","155","19","0","1","3","73","30","459","64","0","59","175","33","24",".261",".471",".359",".356",".348",".211",".412",".408",".364",".339",".020","-0.005",".003","74.7",50.4,20.9,15.6,34.9,26.1,"7.3",24,10,1.4,63.4,28.2,"92.8","6.1",29,46,10,7.8,23.5,17.4,39.2,2,49.5,"103.875480043","96.642602527",71,19.3,25.6,49.2,50.8,176,358,52.1,1396,76.9,6.9,351,1496,601,2677,80.7,176,910,47.9,1281,41.7,1117,27.8,47.4,36.6,39.2,24.2,459,60.7,54,248,19.4,89,21.4,98,5.2,24,"82.4",,,,,"26.4"
"Ohtani, Shohei",660271,2024,29,636,731,197,98,38,7,54,162,81,22.2,11.1,".310",".646",".390","1.036","0.336",".336","130","236","411","4","59","145","1018","408","3","464","45","159","7","0","5","6","50","62","479","85","0","88","124","43","26",".310",".672",".431",".444",".392",".363",".534",".554",".411",".414",".000","-0.026","-0.013","76.3",64.1,25.8,18.4,38.7,27.5,"7.7",10,11.3,-1.7,51.6,35.1,"95.8","16.2",37.8,103,21.5,9,20.7,20.9,25.7,2.3,60.1,"106.727792385","98.772122364",69.7,23.1,26.6,46.1,53.9,181,393,52,1475,79.5,6.5,448,1522,644,2838,76.9,219,950,48,1363,42.4,1204,29.8,47.3,43.6,32.6,23.8,479,61,36.3,174,31.3,150,26.9,129,5.4,26,,,,,,"28.1"
"Schanuel, Nolan",694384,2024,22,519,607,130,98,19,0,13,103,68,17,11.2,".250",".362",".343","0.705","0.112",".285","54","186","188","1","10","113","843","472","1","411","12","147","14","0","1","9","40","24","426","66","0","72","157","50","15",".253",".361",".315",".322",".348",".107",".324",".333",".307",".314","-0.003",".001","-0.007","65.2",2.6,5.6,4.9,36.6,31.8,"6.6",13,9.1,1,46.4,39.2,"86.1","10.3",36.4,15,3.5,4,30.8,24.2,33.3,3.8,25.4,"95.305191333","91.662606993",62.1,10,21.5,27.3,72.7,69,253,50,1177,72.4,7.9,325,1409,469,2356,90,73,732,50,1179,42.5,1001,14.4,41.8,39.2,37.8,23,426,62.4,46.2,197,22.5,96,27.7,118,3.5,15,,,,,,"26.4"
"Perez, Salvador",521692,2024,34,590,652,160,105,28,0,27,129,44,19.8,6.7,".271",".456",".330","0.786","0.185",".302","104","236","269","0","0","161","658","231","1","493","24","158","17","0","2","11","41","42","467","76","1","116","117","37","35",".271",".530",".335",".361",".331",".259",".392",".429",".343",".343",".000","-0.074","-0.026","73.2",33.3,17.6,13,33.6,24.9,"7.9",15,13.7,-6.9,53.6,34.8,"91.1","19",39.4,57,12.2,6.6,23.1,31.5,23.3,2.6,44.8,"101.856275647","95.341857371",77.3,18.3,42.9,41,59,229,559,56.6,1303,81.2,5.8,277,1120,607,2301,81.7,141,771,43.4,998,40.6,935,27.8,57.8,46.7,30,23.3,467,65.7,33.8,158,33.8,158,24.4,114,7.9,37,"80.1",,,,,"24.5"
"Diaz, Yainer",673237,2024,25,585,619,175,127,29,3,16,107,24,17.3,3.9,".299",".441",".325","0.766","0.142",".338","84","268","258","0","2","159","608","222","0","466","19","148","22","0","0","2","58","26","486","90","1","65","191","32","21",".296",".467",".329",".343",".324",".170",".383",".400",".360",".360",".003","-0.026","-0.014","72.5",23.6,17.2,13.3,34.5,26.6,"7.4",17,11.2,3.9,59.2,30.8,"90.2","8.9",35,37,7.6,8.4,28.8,16,36.8,2.1,47.5,"101.297056214","95.034359505",77.7,13.6,42.6,40.2,59.8,196,488,53.8,1145,85.6,6.5,277,1074,569,2128,86.4,104,764,46.2,983,40.2,856,24,58.8,38.3,40.5,21.2,486,66.9,51.2,249,18.7,91,25.5,124,4.5,22,"86.9",,,,,"27.1"
"Arraez, Luis",650333,2024,27,637,672,200,161,32,3,4,29,24,4.3,3.6,".314",".392",".346","0.738","0.078",".324","46","181","250","3","9","112","694","478","0","502","12","150","18","0","3","8","59","25","611","116","0","129","199","51","30",".310",".408",".323",".330",".343",".098",".320",".329",".328",".324",".004","-0.016","-0.007","63.1",0.2,4.7,4.4,46,43.3,"6",8,7.6,4.2,44.6,38.3,"86.3","13.7",40.9,10,1.6,3.8,32.6,26.8,31.3,3.9,23.7,"94.838000362","91.449624457",63,4.7,35.3,11.3,88.7,46,407,47.8,1154,71.7,7.6,268,1558,434,2416,95.3,37,795,52.2,1262,44.2,1069,6.9,49.8,31.6,37.6,30.8,611,61.3,42.2,258,25.2,154,27.7,169,4.9,30,,,,,,"26.7"
"Vaughn, Andrew",683734,2024,26,570,619,140,90,30,1,19,132,38,21.3,6.1,".246",".402",".297","0.699","0.156",".285","70","233","229","0","2","139","725","393","0","457","22","149","13","0","2","6","47","32","443","61","0","105","124","34","38",".240",".442",".304",".320",".294",".202",".356",".378",".316",".311",".006","-0.040","-0.016","70.8",12,16.2,12.9,35.4,28.3,"7.6",12,9.7,-4.7,57.4,28.6,"90.3","16.6",33.6,41,9.3,8.4,21.4,30.2,28.7,2,43.3,"100.921632928","94.702971332",66.7,11.8,33,41.6,58.4,165,397,51.4,1202,68.5,7.2,295,1176,609,2337,88.2,89,757,48.6,1135,43.2,1010,22,49.4,33.4,42,24.6,443,64.3,38.6,171,30.9,137,21.7,96,8.8,39,,,,,,"26.3"
"Reynolds, Bryan",668804,2024,29,622,692,171,115,29,3,24,156,57,22.5,8.2,".275",".447",".344","0.791","0.172",".330","88","231","278","2","10","126","876","336","0","458","30","156","7","0","5","10","58","41","469","72","0","84","158","42","11",".268",".472",".343",".353",".339",".204",".409",".425",".365",".358",".007","-0.025","-0.010","71.6",17.1,17.4,12.7,36.6,26.7,"6.8",31,12.7,0.4,46.5,38,"89.9","9.4",37.5,45,9.6,7.2,25.8,21.1,30.9,4.9,45.4,"100.987209316","94.867542484",74,18.7,30.2,51.9,48.1,220,424,53.9,1403,86.2,6.4,548,1326,582,2604,81.3,166,889,46.1,1201,43.8,1140,29.4,50.4,35.2,37.5,27.3,469,62.8,46.1,216,26.7,125,24.9,117,2.3,11,,"-13","-1.3","-0.3","0.6","28.0"
"Semien, Marcus",543760,2024,33,650,718,154,102,27,2,23,105,64,14.6,8.9,".237",".391",".308","0.699","0.154",".250","74","208","254","3","8","119","895","354","0","502","14","159","9","0","1","3","55","32","546","66","1","132","161","57","42",".251",".406",".306",".320",".321",".155",".319",".337",".282",".299","-0.014","-0.015","-0.014","68.3",4.2,12,9.8,37.5,30.7,"7.7",27,13.3,-6.7,57.4,32,"87.4","17",33,36,6.6,4.8,25.5,31.1,26.7,4.8,35.2,"97.806210919","93.005121934",75.9,11.8,25.3,44.1,55.9,150,340,51.2,1344,92.2,8.3,298,1431,651,2626,88.2,115,973,48.8,1282,43.1,1132,20.2,50,46,33.7,20.3,546,60.4,39.6,216,30,164,22.5,123,7.9,43,,,,,,"28.5"
"Seager, Corey",608369,2024,30,475,533,132,81,21,0,30,96,53,18,9.9,".278",".512",".353","0.865","0.234",".291","74","150","243","1","1","83","671","173","0","380","18","123","8","0","0","3","46","33","381","53","0","86","110","41","12",".280",".573",".365",".391",".356",".293",".418",".454",".346",".352","-0.002","-0.061","-0.026","72.3",20.9,19.5,15.2,33.3,26.1,"6.6",14,12.3,-0.7,51.3,34,"92.1","13.5",38.6,58,15.2,9.7,22.6,22,28.1,1.8,50.7,"103.274395474","96.157523456",79.5,13.5,27.8,50.2,49.8,134,267,51.2,959,90.2,7.1,363,961,434,1872,86.5,98,726,48.8,913,43.8,819,23.4,53,40.7,37.3,22,381,62.2,40.9,156,31.2,119,24.7,94,3.1,12,,,,,,"25.3"
"Machado, Manny",592518,2024,31,593,643,163,104,30,0,29,124,45,19.3,7,".275",".472",".325","0.797","0.197",".302","105","287","280","2","11","161","765","339","0","459","26","152","25","0","1","1","55","28","473","80","0","76","150","42","38",".266",".467",".340",".340",".320",".202",".399",".400",".345",".338",".009",".005",".000","75.2",52.6,20.8,16.4,31.9,25.1,"7.8",23,6.8,-0.2,54.3,25.6,"92.5","12.7",33.8,52,11,5.9,24.3,24.3,32.3,1.7,48.8,"103.370494128","96.17209183",72.3,16.3,29.8,45.1,54.9,156,346,48.6,1161,80.4,6.8,241,1455,505,2387,83.7,144,886,51.4,1226,44.2,1056,24.4,51.6,35.1,42.5,22.4,473,63.3,43.3,205,22,104,26.6,126,8,38,,,,,,"25.8"
"Judge, Aaron",592450,2024,32,559,704,180,85,36,1,58,171,133,24.3,18.9,".322",".701",".458","1.159","0.379",".367","144","238","392","0","10","128","1160","422","1","450","23","158","22","0","0","9","40","68","391","72","0","83","82","28","16",".304",".739",".476",".480",".445",".435",".617",".625",".462",".437",".018","-0.038","-0.004","77.1",74.8,25.8,18.4,33.8,24.2,"8.2",14,14.4,-4.5,51.3,39.8,"96.2","19",40.8,105,26.9,8.5,19.7,22.8,20.3,1.3,61,"107.20043567","99.103701521",67.4,22.6,18.7,57.3,42.7,161,281,52.1,1502,81.1,7,390,1507,649,2885,77.3,210,930,47.9,1380,41.2,1186,30.7,42,40.3,34.1,25.6,390,52.6,31.5,123,38.7,151,25.9,101,4.1,16,,"-6","-1.3","-2.1","0.2","26.8"
"Bregman, Alex",608324,2024,30,581,634,151,93,30,2,26,86,44,13.6,6.9,".260",".453",".315","0.768","0.193",".264","75","269","263","1","3","139","818","451","0","438","15","145","13","0","0","5","46","34","499","71","0","107","136","48","55",".255",".434",".331",".325",".313",".179",".353",".346",".303",".299",".005",".019",".006","71.3",11.9,13.3,11.8,37.8,33.7,"7",7,12.2,-2.9,68.7,28.5,"89.1","18.2",34.9,32,6.4,7.4,24.8,33.1,25.7,2.4,40.5,"98.986527952","93.684160984",65.6,8.7,23.6,24.7,75.3,69,279,49.3,1180,71,7.6,252,1433,528,2393,91.3,69,796,50.7,1213,42.3,1012,12.8,44.9,39.9,33.5,26.7,499,63.6,36.5,182,28.3,141,24.2,121,11,55,,,,,,"26.7"
"Keith, Colt",690993,2024,22,516,556,134,102,15,4,13,110,36,19.8,6.5,".260",".380",".309","0.689","0.120",".306","61","193","196","1","7","111","651","343","0","347","17","148","4","0","0","2","50","24","408","60","0","78","130","45","20",".265",".398",".301",".314",".314",".134",".347",".365",".328",".335","-0.005","-0.018","-0.013","71.3",14.3,13,10.1,35.4,27.7,"6.7",14,8.5,0.1,45.3,33,"87.8","11.3",34.6,23,5.6,5.1,29.4,25.2,30.4,4.2,35.3,"98.472613627","93.330372181",67.9,13.4,29.9,44.4,55.6,136,306,50.8,1022,85.2,7.4,382,1026,484,2022,86.6,90,672,49.2,989,41.8,840,23.2,48.6,36.3,37,26.7,408,61.9,44.1,180,25,102,26,106,4.9,20,,,,,,"27.7"
"Rutschman, Adley",668939,2024,26,571,638,143,102,21,1,19,103,58,16.1,9.1,".250",".391",".318","0.709","0.141",".272","79","213","223","0","1","127","844","533","0","481","18","148","9","0","1","2","38","33","475","72","0","119","128","47","36",".254",".405",".309",".320",".324",".151",".330",".346",".301",".309","-0.004","-0.014","-0.011","69.1",6.4,10.6,9,35.7,30,"6.9",9,10.4,-2.6,48.6,36.4,"88.2","18.8",35.4,29,6.1,4.8,29.3,33.3,24.6,1.9,36.6,"98.081119454","93.149039684",60.1,12.1,28.9,27.5,72.5,103,375,50.1,1298,63.9,7.4,521,1383,524,2593,87.9,94,778,49.9,1295,43.4,1126,17.1,44.5,41.5,34.9,23.6,475,59.7,34.9,166,32,152,25.5,121,7.6,36,"84.5",,,,,"26.6"
"Steer, Spencer",668715,2024,26,574,656,129,71,34,4,20,137,72,20.9,11,".225",".402",".319","0.721","0.177",".260","92","227","231","3","25","154","913","466","0","458","24","158","5","0","1","8","37","29","439","62","1","100","129","39","42",".234",".392",".316",".321",".327",".159",".348",".355",".294",".307","-0.009",".010","-0.005","71.6",13.6,12.7,10,32.5,25.6,"7.4",21,9.3,-5.6,53.1,28.7,"88","17.4",34.2,28,6.4,7.7,23.7,29.2,27.3,5.5,39.9,"99.163434247","93.708755492",64.8,13.4,24.8,47.9,52.1,158,330,50.7,1330,75.4,7.3,231,1598,558,2621,86.6,112,837,49.3,1291,43.2,1133,23.1,44.5,42.8,32.6,24.6,439,60.5,37.8,166,29.4,129,23,101,9.8,43,,"-2","-0.3","-0.8","0.5","28.2"
"Smith, Josh",669701,2024,26,523,592,135,91,30,1,13,121,46,20.4,7.8,".258",".394",".337","0.731","0.136",".311","62","189","206","2","11","124","765","403","0","437","21","149","6","0","0","18","45","19","407","70","1","99","116","32","24",".242",".365",".323",".309",".325",".123",".361",".341",".333",".315",".016",".029",".014","70.1",6.8,11.8,9.2,35.6,27.8,"6.8",11,13,-5.1,44.7,37.5,"87.8","15.4",33.7,15,3.7,5.7,27.3,30.7,26.5,6.1,37.1,"98.306997711","93.25999596",66.9,14.9,25.9,40.9,59.1,119,291,48.3,1125,77,8.2,391,1343,479,2327,85.1,120,804,51.7,1202,43.8,1019,21.8,47.1,43.7,35.9,20.4,407,65,39.6,161,29,118,25.3,103,6.1,25,,,,,,"27.6"
"Carroll, Corbin",682998,2024,23,589,684,136,78,22,14,22,130,73,19,10.7,".231",".428",".322","0.750","0.197",".256","74","241","252","8","35","132","980","513","0","389","23","158","3","0","3","10","45","26","471","65","0","78","165","32","57",".239",".401",".325",".328",".332",".162",".350",".355",".291",".305","-0.008",".027","-0.003","73.7",36.9,18.4,14.6,34.9,27.7,"7",5,6.5,-0.3,53,22.5,"89.3","12",27.8,34,7.2,7,18.7,27,35.7,4,40.8,"101.055665665","94.755672366",59.8,13,24.9,36.1,63.9,126,349,52.8,1399,67.7,7.3,322,1592,554,2648,87,97,747,47.2,1249,41.2,1092,20.3,41.4,37.8,36.5,25.7,471,56.4,44.6,210,22.1,104,21.2,100,12.1,57,,"10","1.8","0.5","-2","29.6"
"Chisholm Jr., Jazz",665862,2024,26,562,621,144,95,21,4,24,152,53,24.5,8.5,".256",".436",".324","0.760","0.180",".309","73","242","245","10","40","145","881","383","0","407","29","147","6","0","2","4","62","38","412","42","2","65","143","35","24",".237",".419",".327",".317",".307",".183",".402",".387",".350",".325",".019",".017",".010","71.9",23.3,15.1,10.6,32.5,22.8,"7.5",11,14.1,-2.1,52.3,34.9,"89.7","11.4",29.6,40,9.7,5.8,22.3,20.6,35.2,5.8,41.1,"100.122466782","94.459141861",67.1,22.7,29.2,43.7,56.3,164,375,51.6,1286,76.7,7.6,404,1342,564,2495,77.3,184,810,48.4,1208,42.3,1054,29.3,47.5,41.3,41.3,17.5,412,60.1,49.8,205,25,103,18.9,78,6.3,26,,"0","0.3","0.1","0.2","28.6"
"Duran, Jarren",680776,2024,27,671,735,191,108,48,14,21,160,54,21.8,7.3,".285",".492",".342","0.834","0.207",".345","75","205","330","7","34","137","961","459","0","515","40","160","6","0","1","6","69","41","515","79","2","67","172","53","32",".267",".456",".357",".340",".326",".190",".429",".405",".372",".349",".018",".036",".017","73.6",36.2,17.7,13.7,30,23.2,"7.6",21,3.9,3.2,36.2,29.4,"90.8","9.5",33.8,48,9.3,6.2,25.4,20.4,35.7,2.7,43.9,"101.928155512","95.341113209",68.2,15.7,28.1,47.1,52.9,187,397,49.7,1413,78.5,7.2,347,1705,603,2844,84.3,153,976,50.3,1431,42.7,1214,24.8,48.3,29.9,40,30.1,515,58.7,46.8,241,21,108,25.6,132,6.6,34,,"10","1.2","0.7","-0.5","29.6"
"Santana, Carlos",467793,2024,38,521,594,124,75,26,0,23,99,65,16.7,10.9,".238",".420",".328","0.748","0.182",".252","71","244","219","0","4","140","885","412","0","381","21","150","11","0","0","6","37","28","424","59","0","94","124","35","47",".244",".424",".326",".333",".334",".180",".344",".353",".292",".300","-0.006","-0.004","-0.007","71.8",19.4,13.6,10.7,36.1,28.3,"7.6",8,11.8,-5,63.3,27.1,"89.2","16.1",30.9,31,7.3,6.6,23.1,32.3,27.8,2.6,39.9,"99.506124387","94.004167778",64.9,16.6,23.4,40.3,59.7,119,295,52,1261,72.8,7,499,1224,575,2423,83.4,125,754,48,1162,42.8,1038,23.3,43.3,52.6,30.9,16.5,424,56.7,38,161,28.8,122,22.2,94,11.1,47,,,,,,"25.9"
"Taveras, Leody",665750,2024,25,480,529,110,78,17,3,12,112,42,21.2,7.9,".229",".352",".289","0.641","0.123",".272","44","216","169","6","23","112","689","300","0","340","21","151","8","0","2","0","38","21","375","49","2","81","116","36","30",".238",".378",".282",".299",".299",".140",".321",".346",".296",".310","-0.009","-0.026","-0.017","71.3",14.8,14.4,10.6,32.7,24.1,"7.5",6,7,-5.2,37.8,32.4,"89","14.7",31.5,22,5.9,5.3,24.5,30.1,30.1,2.9,35.5,"99.173170874","93.650113205",69.4,17.5,29.1,46.2,53.8,138,299,51.1,1027,79.9,7.2,412,1071,415,2008,82.5,119,681,48.9,981,43.7,877,26.2,48.8,29.9,37.3,32.8,375,62.6,41.1,154,27.2,102,23.2,87,8.5,32,,"4","1.4","0.8","-1.1","28.5"
"Raleigh, Cal",663728,2024,27,546,628,120,70,16,0,34,176,70,28,11.1,".220",".436",".312","0.748","0.216",".251","100","263","238","1","6","137","821","296","0","530","40","153","7","0","0","6","33","42","376","45","0","96","84","34","41",".229",".483",".323",".347",".323",".253",".403",".443",".319",".337","-0.009","-0.047","-0.024","74.5",45.1,15.9,11.3,28.5,20.2,"7.8",15,16.8,-7.8,45.5,32.3,"91","21.2",35.6,58,15.4,6.9,23.4,31.9,17.3,4.8,48.1,"102.032071755","95.508789467",74,23,32.8,47.1,52.9,204,433,52.6,1322,86,7.1,573,1226,570,2514,77,203,882,47.4,1192,44,1106,31,52.3,45.5,33.5,21,376,63.8,31.1,117,36.7,138,21.3,80,10.9,41,"84.4",,,,,"26.6"
"Langeliers, Shea",669127,2024,26,482,534,108,59,18,2,29,145,41,27.2,7.7,".224",".450",".288","0.738","0.226",".252","80","253","217","2","4","130","641","307","0","355","26","137","15","0","2","5","23","36","343","49","0","67","106","26","34",".237",".461",".315",".328",".302",".223",".400",".420",".315",".336","-0.013","-0.011","-0.013","74.1",42,17.7,12.9,32.5,23.7,"7.3",7,12.3,-5.7,63.4,29.5,"91.3","16.3",35.3,44,12.8,5.2,21.6,29.4,28,2.9,44,"102.05460686","95.451719446",69.5,19.7,30.7,49.4,50.6,156,316,51.6,1029,75.8,7.7,238,1075,519,1993,80.3,132,670,48.4,964,43.1,858,29.2,49.5,45.2,38.8,16,343,64.8,37.6,129,30,103,22.4,77,9.9,34,"86.4",,,,,"27.8"
"Bellinger, Cody",641355,2024,28,516,569,137,93,23,3,18,89,45,15.6,7.9,".266",".426",".325","0.751","0.160",".287","78","232","220","2","9","130","671","334","0","376","19","130","10","0","1","3","58","26","432","53","0","125","102","36","30",".238",".396",".322",".302",".301",".158",".353",".327",".317",".286",".028",".030",".020","69",5.2,9.7,7.7,38.6,30.6,"7.6",22,13.2,-3.1,59.5,32.6,"87.8","17.4",32.9,27,6.3,3.9,23.6,36.6,27.3,2.3,32.9,"97.314029213","92.768351065",67.1,16,32.4,35,65,118,337,49.9,1039,77.1,7.5,307,1180,444,2083,84,112,701,50.1,1044,43.3,901,22.2,49.8,40.5,33.3,26.2,432,59.1,37,160,35,151,21.1,91,6.9,30,,"-1","0.5","1","0.2","28.4"
"Profar, Jurickson",595777,2024,31,564,668,158,105,29,0,24,101,76,15.1,11.4,".280",".459",".380","0.839","0.179",".302","85","193","259","3","10","106","994","423","0","558","16","158","14","0","2","18","49","31","473","78","0","90","155","33","36",".279",".451",".365",".366",".381",".171",".381",".382",".338",".339",".001",".008","-0.001","71.7",22.7,12.9,10.8,32.4,27.1,"7.3",12,8.9,-3,50.4,32.5,"91.1","13.4",31.3,34,7.2,4.9,29.2,25.2,29.8,3.8,44.4,"100.952441293","94.862553707",68.6,12.1,22,33.1,66.9,98,296,49.2,1348,81.9,7.4,417,1592,596,2739,87.9,115,954,50.8,1391,42.2,1156,17,45.6,39.3,35.9,24.7,473,60.2,43.1,204,25.6,121,23.5,111,7.8,37,,"-5","-0.3","-1.9","-0.4","26.5"
"Suárez, Eugenio",553993,2024,32,571,640,146,86,28,2,30,176,49,27.5,7.7,".256",".469",".319","0.788","0.213",".309","101","266","268","1","2","151","858","423","0","445","23","158","10","0","1","9","31","46","406","66","3","89","101","37","28",".246",".463",".337",".335",".313",".217",".433",".430",".360",".350",".010",".006",".002","72.2",21.5,15,10.8,30.7,22.2,"7.8",34,17.5,-3.8,50.2,38.6,"89.1","19.5",40.4,46,11.3,8.9,25.6,28.8,20.4,4.7,42.4,"100.570552315","94.463438988",66.8,18.8,27,55.2,44.8,187,339,49.3,1254,78.6,7.9,249,1481,579,2542,81.2,162,861,50.7,1288,42.3,1074,29.1,47.2,49.3,28.8,21.9,406,65.2,32.5,132,33.3,135,26.4,107,7.9,32,,,,,,"26.5"
"Meyers, Jake",676694,2024,28,461,513,101,65,20,3,13,117,35,22.8,6.8,".219",".360",".286","0.646","0.141",".263","61","236","166","3","11","132","579","290","0","295","10","148","17","0","0","10","30","26","351","44","1","70","125","29","23",".233",".390",".285",".306",".301",".158",".327",".359",".290",".312","-0.014","-0.030","-0.021","68.6",7.9,10.6,8,31.6,23.8,"7",30,9.4,-4.3,45.2,30.4,"88.2","14.4",34.8,24,6.8,8.3,22.5,25.6,30.8,5.7,37,"99.317270058","93.726741906",68.1,15.9,31.2,49.8,50.2,145,291,51.3,933,78.2,6.8,235,942,481,1817,84.1,96,602,48.7,884,43.4,788,27,49.1,43.9,34.2,21.9,351,69,44.2,155,27.4,96,21.7,76,6.8,24,,"13","0.3","1.2","0.4","28.9"
"Alonso, Pete",624413,2024,29,608,695,146,81,31,0,34,172,70,24.7,10.1,".240",".459",".329","0.788","0.219",".276","88","291","279","0","3","151","978","533","0","457","24","162","14","0","1","13","45","38","440","62","1","86","140","30","37",".239",".470",".340",".345",".329",".232",".409",".418",".332",".331",".001","-0.011","-0.005","75.2",51.8,18.6,14.3,29.6,22.8,"7.3",19,9.8,-2.9,56.2,31.7,"89.8","14.4",30.5,58,13.2,6.6,19.5,25.5,29.5,5.5,46.4,"102.785114727","95.699086105",61.1,14.1,25.9,48.1,51.9,179,372,51.7,1437,71.8,6.8,264,1619,693,2780,85.9,116,820,48.3,1343,43.2,1200,24.7,42.9,41.6,32.3,26.1,440,57.5,42,185,28.2,124,21.1,93,8.6,38,,,,,,"26.1"
"Ward, Taylor",621493,2024,30,585,663,144,91,26,2,25,163,63,24.6,9.5,".246",".426",".323","0.749","0.180",".294","75","208","249","4","6","112","928","499","0","407","22","156","11","0","5","7","39","38","430","67","0","118","100","50","16",".246",".466",".325",".345",".326",".220",".389",".420",".335",".340",".000","-0.040","-0.020","69.8",8.4,14.8,11.4,38.4,29.6,"7.1",23,9.4,0,51.4,31.4,"90.9","17.4",41.9,56,13,6.7,22.3,30.5,26,1.2,42.4,"100.017751581","94.464585641",64.8,17.7,20.8,50.9,49.1,135,265,49,1273,78.4,7.9,194,1461,696,2599,82.3,152,858,51,1325,42.2,1097,25.5,43.2,32.3,36.3,31.4,430,61.1,32.3,139,36.3,156,27.7,119,3.7,16,,"4","0.5","0.5","0.5","26.8"
"Arenado, Nolan",571448,2024,33,578,635,157,118,23,0,16,92,44,14.5,6.9,".272",".394",".325","0.719","0.122",".296","71","233","228","2","2","125","790","454","1","458","18","152","15","0","3","5","53","26","493","78","0","90","141","56","46",".253",".361",".314",".299",".311",".108",".336",".317",".318",".300",".019",".033",".015","70.7",12.8,9.2,7.8,32.3,27.6,"8.2",29,11.3,-7.4,55.8,33.3,"86.3","16.9",35.9,16,3.2,5.1,28.2,30.6,28.2,4.5,31.6,"96.924147927","92.483246402",63.9,9.8,30,32.7,67.3,121,370,50.4,1235,72.4,7.8,291,1404,520,2452,90.2,76,778,49.6,1217,42.2,1035,17.2,46.8,44.2,37.3,18.5,493,61.6,39.4,194,23.5,116,27.8,137,9.3,46,,,,,,"25.3"
"Mountcastle, Ryan",663624,2024,27,473,507,128,83,30,2,13,114,27,22.5,5.3,".271",".425",".308","0.733","0.154",".327","63","199","201","0","3","104","558","236","0","434","22","124","13","0","1","1","42","23","365","63","0","63","120","36","17",".271",".455",".316",".336",".312",".184",".385",".414",".351",".356",".000","-0.030","-0.020","75.1",50.6,16.1,12.4,27.5,21.2,"7.5",14,4.7,1.5,36.2,37.4,"90.8","10.4",36.2,32,8.8,7.9,25.8,21.1,33.2,3,45.2,"102.105716923","95.370233104",75.9,16.2,38,41.4,58.6,156,377,52.2,992,84.6,7.8,203,1068,415,1901,83.8,112,690,47.8,909,42.5,808,25.1,56.1,27.4,39.2,33.4,365,63.9,44.4,162,23.6,86,27.4,100,4.7,17,,,,,,"27.6"
"Lowe, Nathaniel",663993,2024,28,486,565,129,96,16,1,16,125,71,22.1,12.6,".265",".401",".361","0.762","0.136",".324","69","198","195","0","2","115","887","415","0","435","18","140","9","0","1","4","49","21","365","59","0","61","128","33","13",".250",".386",".337",".332",".350",".137",".381",".374",".353",".336",".015",".015",".005","73.3",29.3,15.2,12.4,28.3,23,"7.3",23,6.9,7.6,50.3,30.1,"88.9","7.7",32.6,21,5.8,6.8,26.3,20,37.5,3,40,"100.432822253","94.330442369",62.8,12.3,23.5,41.8,58.2,118,282,51,1202,69,6.7,284,1523,411,2356,87.7,89,725,49,1154,44.6,1051,20.6,42.7,27.9,40.8,31.2,365,60.1,48.5,177,22.5,82,25.5,93,3.6,13,,,,,,"26.4"
"Kwan, Steven",680757,2024,26,480,540,140,107,16,3,14,51,53,9.4,9.8,".292",".425",".368","0.793","0.133",".304","44","131","204","5","12","80","784","500","0","344","8","122","5","0","0","5","44","20","431","75","1","102","117","43","27",".283",".392",".349",".337",".361",".109",".345",".329",".326",".317",".009",".033",".012","64.4",0.4,6.3,5.8,41.7,38.6,"6.5",6,3.6,-2.9,36.6,35.8,"86.3","14.9",38.5,11,2.6,5.3,27.8,31.8,28.1,4.4,23.7,"95.04543782","91.531639359",57.7,4.3,19.2,20.4,79.6,41,201,48.4,1047,68.1,8.4,304,1323,407,2165,95.7,28,645,51.6,1118,43.4,940,8.2,39.1,30.4,37.6,32,431,58.9,37.4,161,28.3,122,27.8,120,6.5,28,,"5","-0.1","1.2","0.4","27.1"
"Schwarber, Kyle",656941,2024,31,573,692,142,82,22,0,38,197,106,28.5,15.3,".248",".485",".366","0.851","0.237",".301","104","183","278","3","5","120","1125","524","0","390","28","150","6","0","1","5","45","39","384","57","1","71","112","30","28",".249",".519",".366",".380",".368",".269",".463",".488",".370",".374","-0.001","-0.034","-0.014","77.5",78,23,16.5,32.5,23.3,"7.7",35,13.1,-4.5,67.4,29.3,"93.6","15",31.8,60,15.6,7.3,23.2,24.2,27.1,2.6,55.5,"105.154527813","97.529843438",60.7,23.7,20.9,54.3,45.7,169,311,52.1,1487,74.1,6.8,394,1542,705,2852,76.3,196,828,47.9,1365,41.6,1187,32,39.9,48.4,35.2,16.4,384,56.4,40.9,157,28.6,110,22.7,87,7.8,30,,,,,,"25.8"